t_ms,frame,dt_ms,fps_smooth,boat_x,boat_y,cam_x,cam_y,culling_enabled,radius_tiles,chunks_visible,chunks_loaded_total,chunks_load_started,chunks_load_finished,chunks_unload_started,chunks_unload_finished,load_queue_len,note
0,0,0.12382,0,500,0,500,0,1,25,18,18,18,18,0,0,0,chunk_loads
340,1,100,0,500,0,500,0,1,25,18,18,0,0,0,0,0,
553,23,16.6707,0,500,0,500,0,1,25,18,18,0,0,0,0,0,
753,35,17.1812,0,500,0,500,0,1,25,18,18,0,0,0,0,0,
970,48,16.8569,0,500,0,500,0,1,25,18,18,0,0,0,0,0,
1186,61,16.8122,50.8213,500,0,500,0,1,25,18,18,0,0,0,0,0,
1403,74,16.8087,50.8213,500,0,500,0,1,25,18,18,0,0,0,0,0,
1603,86,16.858,50.8213,500,0,500,0,1,25,18,18,0,0,0,0,0,
1819,99,16.5191,50.8213,500,0,500,0,1,25,18,18,0,0,0,0,0,
2019,111,16.9228,60.0139,500,0,500,0,1,25,18,18,0,0,0,0,0,
2236,124,16.6521,60.0139,500,0,500,0,1,25,18,18,0,0,0,0,0,
2436,136,16.9413,60.0139,500,0,500,0,1,25,18,18,0,0,0,0,0,
2652,149,16.6802,60.0139,500,0,500,0,1,25,18,18,0,0,0,0,0,
2852,161,16.7205,60.0139,500,0,500,0,1,25,18,18,0,0,0,0,0,
3052,173,16.9574,60.0502,500,0,500,0,1,25,18,18,0,0,0,0,0,
3269,186,16.6645,60.0502,500,0,500,0,1,25,18,18,0,0,0,0,0,
3485,199,16.6641,60.0502,500,0,500,0,1,25,18,18,0,0,0,0,0,
3702,212,16.5228,60.0502,500,0,500,0,1,25,18,18,0,0,0,0,0,
3902,224,16.6581,60.0502,500,0,500,0,1,25,18,18,0,0,0,0,0,
4117,237,16.0842,60.0265,500,0,500,0,1,25,18,18,0,0,0,0,0,
4318,249,16.3825,60.0265,500,0,500,0,1,25,18,18,0,0,0,0,0,
4534,262,16.7276,60.0265,500,0,500,0,1,25,18,18,0,0,0,0,0,
4735,274,16.6677,60.0265,500,0,500,0,1,25,18,18,0,0,0,0,0,
4951,287,16.5488,60.0265,500,0,500,0,1,25,18,18,0,0,0,0,0,
5168,300,17.176,60.0172,500,0,500,0,1,25,18,18,0,0,0,0,0,
5384,313,16.7439,60.0172,500,0,500,0,1,25,18,18,0,0,0,0,0,
5601,326,16.7118,60.0172,500,0,500,0,1,25,18,18,0,0,0,0,0,
5818,339,17.0899,60.0172,500,0,500,0,1,25,18,18,0,0,0,0,0,
6034,352,16.8476,60.0172,500,0,500,0,1,25,18,18,0,0,0,0,0,
6251,365,16.9988,60.0274,500,0,500,0,1,25,18,18,0,0,0,0,0,
6467,378,16.6464,60.0274,500,0,500,0,1,25,18,18,0,0,0,0,0,
6683,391,16.5601,60.0274,500,0,500,0,1,25,18,18,0,0,0,0,0,
6884,403,16.452,60.0274,500,0,500,0,1,25,18,18,0,0,0,0,0,
7100,416,17.0074,60.0182,500,0,500,0,1,25,18,18,0,0,0,0,0,
7317,429,16.636,60.0182,500,0,500,0,1,25,18,18,0,0,0,0,0,
7533,442,16.7816,60.0182,500,0,500,0,1,25,18,18,0,0,0,0,0,
7750,455,16.3815,60.0182,500,0,500,0,1,25,18,18,0,0,0,0,0,
7950,467,16.8718,60.0182,500,0,500,0,1,25,18,18,0,0,0,0,0,
8157,479,24.4598,60.0482,500,0,500,0,1,25,18,18,0,0,0,0,0,
8366,492,16.4912,60.0482,500,0,500,0,1,25,18,18,0,0,0,0,0,
8583,505,16.8039,60.0482,500,0,500,0,1,25,18,18,0,0,0,0,0,
8783,517,16.6735,60.0482,500,0,500,0,1,25,18,18,0,0,0,0,0,
9000,530,17.0288,60.0482,500,0,500,0,1,25,18,18,0,0,0,0,0,
9215,543,16.5602,60.0239,500,0,500,0,1,25,18,18,0,0,0,0,0,
9416,555,16.7286,60.0239,500,0,500,0,1,25,18,18,0,0,0,0,0,
9632,568,16.6224,60.0239,500,0,500,0,1,25,18,18,0,0,0,0,0,
9832,580,16.6675,60.0239,500,0,500,0,1,25,18,18,0,0,0,0,0,
10049,593,16.5199,60.0239,500,0,500,0,1,25,18,18,0,0,0,0,0,
10265,606,16.5721,60.033,500,0,500,0,1,25,18,18,0,0,0,0,0,
10482,619,16.6314,60.033,500,-9.93105,500,0,1,25,18,18,0,0,0,0,0,
10682,631,16.5961,60.033,500,-49.9313,500,-2.42512,1,25,18,24,6,6,0,0,0,chunk_loads
10682,631,16.5961,60.033,500,-49.9313,500,-2.42512,1,25,18,24,6,6,0,0,0,
10898,639,17.2473,60.033,500,-86.8479,500,-33.4513,1,25,18,24,0,0,0,0,0,
11098,651,16.9146,60.033,500,-96.8318,500,-49.4951,1,25,18,24,0,0,0,0,0,
11315,664,16.8911,55.0958,500,-96.8318,500,-49.4951,1,25,18,24,0,0,0,0,0,
11531,677,16.7081,55.0958,500,-96.8318,500,-49.4951,1,25,18,24,0,0,0,0,0,
11748,690,17.3276,55.0958,500,-96.8318,500,-49.4951,1,25,18,24,0,0,0,0,0,
11949,702,17.1337,55.0958,500,-96.8318,500,-49.4951,1,25,18,24,0,0,0,0,0,
12165,715,17.1183,55.0958,500,-96.8318,500,-49.4951,1,25,18,24,0,0,0,0,0,
12381,728,16.7934,60.0196,500,-96.8318,500,-49.4951,1,25,18,24,0,0,0,0,0,
12597,741,16.5064,60.0196,500,-96.8318,500,-49.4951,1,25,18,24,0,0,0,0,0,
12797,753,16.3547,60.0196,500,-116.849,500,-64.9278,1,25,18,24,0,0,0,0,0,
13014,766,17.1572,60.0196,500,-136.918,500,-89.263,1,25,18,24,0,0,0,0,0,
13231,779,17.5127,60.0563,500,-136.918,500,-89.263,1,25,18,24,0,0,0,0,0,
13447,792,16.7535,60.0563,500,-136.918,500,-89.263,1,25,18,24,0,0,0,0,0,
13647,804,16.8464,60.0563,500,-136.918,500,-89.263,1,25,18,24,0,0,0,0,0,
13847,816,17.0684,60.0563,500,-136.918,500,-89.263,1,25,18,24,0,0,0,0,0,
14064,829,16.7479,60.0563,500,-136.918,500,-89.263,1,25,18,24,0,0,0,0,0,
14280,842,16.589,59.992,500,-136.918,500,-89.263,1,25,18,24,0,0,0,0,0,
14480,854,16.576,59.992,500,-136.918,500,-89.263,1,25,18,24,0,0,0,0,0,
14697,867,16.7149,59.992,500,-153.503,500,-102.023,1,25,18,24,0,0,0,0,0,
14897,879,17.0518,59.992,500,-193.562,500,-135.971,1,25,18,24,0,0,0,0,0,
15113,892,16.6683,59.992,500,-236.849,500,-175.712,1,25,18,24,0,0,0,0,0,
15329,905,16.5308,60.011,500,-280.041,500,-217.092,1,25,18,24,0,0,0,0,0,
15529,917,16.4995,60.011,500,-320.073,500,-256.192,1,25,18,24,0,0,0,0,0,
15746,930,16.8588,60.011,500,-340.085,500,-292.462,1,25,18,24,0,0,0,0,0,
15946,942,16.9094,60.011,500,-340.085,500,-292.462,1,25,18,24,0,0,0,0,0,
16163,955,17.107,60.011,500,-340.085,500,-292.462,1,25,18,24,0,0,0,0,0,
16379,968,17.0218,60.0407,500,-340.085,500,-292.462,1,25,18,24,0,0,0,0,0,
16579,980,17.0401,60.0407,500,-340.085,500,-292.462,1,25,18,24,0,0,0,0,0,
16795,993,16.7503,60.0407,500,-340.085,500,-292.462,1,25,18,24,0,0,0,0,0,
16996,1005,16.2918,60.0407,500,-340.085,500,-292.462,1,25,18,24,0,0,0,0,0,
17213,1018,17.1969,60.0407,500,-360.072,500,-307.944,1,25,18,24,0,0,0,0,0,
17428,1031,16.9661,60.0459,500,-403.193,500,-344.972,1,25,18,24,0,0,0,0,0,
17628,1043,16.6046,60.0459,500,-443.239,500,-381.951,1,25,18,24,0,0,0,0,0,
17829,1055,16.8774,60.0459,500,-483.303,500,-420.334,1,25,18,24,0,0,0,0,0,
18045,1068,16.5286,60.0459,500,-486.653,500,-439.91,1,25,18,24,0,0,0,0,0,
18245,1080,16.5463,60.0459,500,-506.673,500,-455.191,1,25,18,24,0,0,0,0,0,
18461,1093,16.7177,60.0048,500,-536.65,500,-490.463,1,25,18,24,0,0,0,0,0,
18678,1106,16.6474,60.0048,500,-539.979,500,-492.875,1,25,18,24,0,0,0,0,0,
18878,1118,16.4489,60.0048,500,-580.043,500,-524.85,1,25,18,24,0,0,0,0,0,
19095,1131,16.9033,60.0048,500,-623.399,500,-563.512,1,25,18,24,0,0,0,0,0,
19295,1143,16.9474,60.0428,500,-660.037,500,-601.059,1,25,18,24,0,0,0,0,0,
19510,1156,16.0481,60.0428,500,-660.037,500,-613.985,1,25,18,24,0,0,0,0,0,
19711,1168,16.8894,60.0428,500,-660.037,500,-613.985,1,25,18,24,0,0,0,0,0,
19911,1180,16.6174,60.0428,500,-680.095,500,-629.117,1,25,18,24,0,0,0,0,0,
20127,1193,16.2405,60.0428,500,-723.321,500,-665.645,1,25,18,24,0,0,0,0,0,
20340,1205,28.8947,60.0264,500,-765.892,500,-704.855,1,25,18,24,0,0,0,0,0,
20544,1218,16.5604,60.0264,500,-786.495,500,-740.553,1,25,18,24,0,0,0,0,0,
20744,1230,16.7881,60.0264,500,-786.495,500,-740.553,1,25,18,24,0,0,0,0,0,
20944,1242,16.8977,60.0264,500,-786.495,500,-740.553,1,25,18,24,0,0,0,0,0,
21160,1255,16.6571,60.0264,500,-786.495,500,-740.553,1,25,18,24,0,0,0,0,0,
21376,1268,16.594,59.4198,500,-786.495,500,-740.553,1,25,18,24,0,0,0,0,0,
21576,1280,16.5932,59.4198,500,-786.495,500,-740.553,1,25,18,24,0,0,0,0,0,
21777,1292,16.2306,59.4198,500,-786.495,500,-740.553,1,25,18,24,0,0,0,0,0,
21995,1305,18.335,59.4198,500,-786.495,500,-740.553,1,25,18,24,0,0,0,0,0,
22210,1318,16.3981,59.4198,500,-786.495,500,-740.553,1,25,18,24,0,0,0,0,0,
22416,1330,23.2632,60.6692,500,-786.495,500,-740.553,1,25,18,24,0,0,0,0,0,
22625,1343,16.2059,60.6692,500,-786.495,500,-740.553,1,25,18,24,0,0,0,0,0,
22826,1355,16.5891,60.6692,500,-786.495,500,-740.553,1,25,18,24,0,0,0,0,0,
23032,1367,23.0448,60.6692,500,-786.495,500,-740.553,1,25,18,24,0,0,0,0,0,
0,0,0.042521,0,500,0,500,0,1,25,18,18,18,18,0,0,0,chunk_loads
228,1,100,0,500,0,500,0,1,25,18,18,0,0,0,0,0,
430,15,16.1827,0,500,0,500,0,1,25,18,18,0,0,0,0,0,
631,27,17.2657,0,500,0,500,0,1,25,18,18,0,0,0,0,0,
847,40,16.6245,0,500,0,500,0,1,25,18,18,0,0,0,0,0,
1059,52,28.0562,50.2771,500,0,500,0,1,25,18,18,0,0,0,0,0,
1264,65,16.6074,50.2771,500,0,500,0,1,25,18,18,0,0,0,0,0,
1480,78,16.7126,50.2771,500,0,500,0,1,25,18,18,0,0,0,0,0,
1680,90,16.5532,50.2771,500,0,500,0,1,25,18,18,0,0,0,0,0,
1897,103,16.7258,50.2771,500,0,500,0,1,25,18,18,0,0,0,0,0,
2113,116,17.3813,60.0235,500,0,500,0,1,25,18,18,0,0,0,0,0,
2313,128,16.1459,60.0235,500,0,500,0,1,25,18,18,0,0,0,0,0,
2530,141,16.7141,60.0235,500,0,500,0,1,25,18,18,0,0,0,0,0,
2746,154,16.6447,60.0235,500,0,500,0,1,25,18,18,0,0,0,0,0,
2946,166,16.7083,60.0235,500,0,500,0,1,25,18,18,0,0,0,0,0,
3162,179,16.855,60.0293,500,0,500,0,1,25,18,18,0,0,0,0,0,
3363,191,16.5806,60.0293,500,0,500,0,1,25,18,18,0,0,0,0,0,
3579,204,16.5731,60.0293,500,0,500,0,1,25,18,18,0,0,0,0,0,
3796,217,16.6019,60.0293,500,0,500,0,1,25,18,18,0,0,0,0,0,
4012,230,16.6263,60.0293,500,0,500,0,1,25,18,18,0,0,0,0,0,
4213,242,16.9007,60.0263,500,0,500,0,1,25,18,18,0,0,0,0,0,
4429,255,16.7556,60.0263,500,0,500,0,1,25,18,18,0,0,0,0,0,
4645,268,16.6906,60.0263,500,0,500,0,1,25,18,18,0,0,0,0,0,
4845,280,16.6716,60.0263,500,0,500,0,1,25,18,18,0,0,0,0,0,
5062,293,16.6319,60.0263,500,0,500,0,1,25,18,18,0,0,0,0,0,
5279,306,16.7982,60.0334,500,0,500,0,1,25,18,18,0,0,0,0,0,
5495,319,16.6253,60.0334,500,0,500,0,1,25,18,18,0,0,0,0,0,
5695,331,16.6257,60.0334,500,0,500,0,1,25,18,18,0,0,0,0,0,
5912,344,16.6196,60.0334,500,0,500,0,1,25,18,18,0,0,0,0,0,
6112,356,16.7835,60.0256,500,0,500,0,1,25,18,18,0,0,0,0,0,
6328,369,16.7442,60.0256,500,0,500,0,1,25,18,18,0,0,0,0,0,
6544,382,16.4412,60.0256,500,0,500,0,1,25,18,18,0,0,0,0,0,
6744,394,16.383,60.0256,500,0,500,0,1,25,18,18,0,0,0,0,0,
6961,407,16.722,60.0256,500,0,500,0,1,25,18,18,0,0,0,0,0,
7163,419,5.46989,60.0204,500,0,500,0,1,25,18,18,0,0,0,0,0,
7378,432,16.7118,60.0204,500,10.0017,500,0,1,25,18,18,0,0,0,0,0,
7594,445,16.865,60.0204,500,53.3652,500,4.9824,1,25,18,18,0,0,0,0,0,
7811,458,16.6721,60.0204,500,96.6359,500,40.3126,1,25,18,18,0,0,0,0,0,
8027,471,16.7255,60.0204,500,139.959,500,79.4826,1,25,18,18,0,0,0,0,0,
8244,484,16.8638,60.0398,500,156.639,500,111.134,1,25,18,18,0,0,0,0,0,
8460,497,16.6007,60.0398,476.706,156.639,498.087,115.472,1,25,18,18,0,0,0,0,0,
8660,509,16.8201,60.0398,436.671,156.639,478.54,132.907,1,25,18,18,0,0,0,0,0,
8876,522,16.6408,60.0398,393.584,156.639,446.474,144.204,1,25,18,18,0,0,0,0,0,
9076,534,16.5373,60.0398,353.512,156.639,411.878,149.822,1,25,18,18,0,0,0,0,0,
9277,546,16.4327,60.0375,313.431,156.639,374.742,152.903,1,25,18,18,0,0,0,0,0,
9477,558,16.9928,60.0375,273.397,156.639,336.379,154.59,1,25,18,18,0,0,0,0,0,
9693,571,16.3729,60.0375,230.156,156.639,294.109,155.568,1,25,18,18,0,0,0,0,0,
9893,583,16.8855,60.0375,190.108,156.639,254.539,156.052,1,25,18,18,0,0,0,0,0,
10110,596,16.4153,60.0375,146.838,156.639,211.548,156.332,1,25,18,18,0,0,0,0,0,
10310,608,16.7195,60.0168,106.822,156.639,171.609,156.471,1,25,18,18,0,0,0,0,0,
10526,621,16.7148,60.0168,63.5585,156.639,128.455,156.551,1,25,18,18,0,0,0,0,0,
10726,633,16.8404,60.0168,44.6438,134.195,91.9567,152.718,1,25,18,18,0,0,0,0,0,
10943,646,16.705,60.0168,44.6438,90.9165,69.3634,131.641,1,25,18,18,0,0,0,0,0,
11159,659,16.4443,60.0168,44.6438,47.642,57.56,99.9653,1,25,18,18,0,0,0,0,0,
11359,671,16.6483,60.046,44.6438,7.6023,51.7281,65.6508,1,25,18,18,0,0,0,0,0,
11576,684,16.4211,60.046,44.6438,-35.678,48.3451,25.6975,1,25,18,18,0,0,0,0,0,
11725,693,16.5169,60.046,44.6438,-65.6714,47.0041,-2.97751,1,25,18,24,6,6,0,0,0,chunk_loads
11828,694,100,60.046,44.6438,-85.6714,46.3923,-24.4103,1,25,18,24,0,0,0,0,0,
12042,712,16.7922,60.046,44.6438,-128.474,45.5639,-65.4128,1,25,18,24,0,0,0,0,0,
12243,724,4.45615,60.0145,44.6438,-161.832,45.1474,-104.206,1,25,18,24,0,0,0,0,0,
12459,737,16.8137,60.0145,1.51922,-161.832,34.6553,-128.492,1,25,18,24,0,0,0,0,0,
12675,750,16.5167,60.0145,-40.8007,-159.497,6.63984,-144.302,1,25,18,24,0,0,0,0,0,
12842,760,16.7543,60.0145,-43.1675,-127.198,-0.285486,-144.469,1,25,18,30,6,6,0,0,0,chunk_loads
12944,761,100,60.0145,-43.1675,-107.198,-11.3997,-134.809,1,25,18,30,0,0,0,0,0,
13158,779,16.8161,60.0145,-43.1675,-64.3902,-24.8757,-111.324,1,25,18,30,0,0,0,0,0,
13375,792,16.7364,60.0204,-43.1675,-21.0581,-33.6181,-76.5922,1,25,18,30,0,0,0,0,0,
13575,804,16.8694,60.0204,-56.9395,9.31797,-39.6923,-41.8592,1,25,18,30,0,0,0,0,0,
13791,817,16.539,60.0204,-100.215,9.31797,-60.1585,-17.422,1,25,18,30,0,0,0,0,0,
14008,830,16.6876,60.0204,-143.495,9.31797,-91.52,-4.65263,1,25,18,30,0,0,0,0,0,
14157,839,16.691,60.0204,-173.308,9.31797,-116.628,0.384865,1,25,18,32,2,2,0,0,0,chunk_loads
14223,843,16.7833,60.0859,-186.648,9.31797,-128.766,2.00486,1,25,18,32,0,0,0,0,0,
14424,855,16.1259,60.0859,-225.728,7.03742,-165.527,5.19823,1,25,18,32,0,0,0,0,0,
14624,867,16.5611,60.0859,-235.23,-29.1564,-196.633,-3.09207,1,25,18,32,0,0,0,0,0,
14841,880,16.5434,60.0859,-235.23,-72.4173,-215.059,-27.7576,1,25,18,32,0,0,0,0,0,
15041,892,16.6947,60.0859,-235.23,-112.455,-224.166,-58.6063,1,25,18,32,0,0,0,0,0,
15273,905,32.405,59.9793,-235.23,-158.933,-229.72,-99.6213,1,25,18,32,0,0,0,0,0,
15474,918,16.5065,59.9793,-235.23,-199.055,-232.212,-137.155,1,25,18,32,0,0,0,0,0,
15690,931,16.58,59.9793,-235.23,-242.368,-233.654,-178.98,1,25,18,32,0,0,0,0,0,
15890,943,17.0429,59.9793,-235.23,-282.408,-234.366,-218.287,1,25,18,32,0,0,0,0,0,
16107,956,16.277,59.9793,-235.23,-325.653,-234.778,-261.104,1,25,18,32,0,0,0,0,0,
16323,969,16.4198,60.0622,-235.23,-368.875,-234.994,-304.151,1,25,18,32,0,0,0,0,0,
16523,981,16.6337,60.0622,-235.23,-408.979,-235.101,-344.126,1,25,18,32,0,0,0,0,0,
16740,994,16.7094,60.0622,-235.23,-452.308,-235.163,-387.378,1,25,18,32,0,0,0,0,0,
16956,1007,16.4151,60.0622,-235.23,-495.555,-235.195,-430.584,1,25,18,32,0,0,0,0,0,
17172,1020,16.5977,60.0622,-235.23,-512.285,-235.211,-466.355,1,25,18,32,0,0,0,0,0,
17372,1032,17.0782,59.9977,-268.645,-512.285,-240.711,-475.863,1,25,18,32,0,0,0,0,0,
17573,1044,16.8984,59.9977,-308.758,-512.285,-263.063,-491.287,1,25,18,32,0,0,0,0,0,
17789,1057,16.4218,59.9977,-351.997,-512.285,-297.081,-501.307,1,25,18,32,0,0,0,0,0,
17989,1069,16.4006,59.9977,-391.999,-512.285,-332.527,-506.261,1,25,18,32,0,0,0,0,0,
18206,1082,16.4008,59.9977,-435.258,-512.285,-373.139,-509.137,1,25,18,32,0,0,0,0,0,
18423,1095,17.098,60.0236,-441.981,-512.285,-395.59,-510.169,1,25,18,32,0,0,0,0,0,
18639,1108,16.9204,60.0236,-441.981,-482.252,-402.178,-507.111,1,25,18,32,0,0,0,0,0,
18855,1121,16.7344,60.0236,-441.981,-438.985,-421.181,-483.016,1,25,18,32,0,0,0,0,0,
19072,1134,16.7574,60.0236,-441.981,-395.671,-431.12,-449.728,1,25,18,32,0,0,0,0,0,
19288,1147,16.8619,60.061,-441.981,-375.773,-435.378,-422.385,1,25,18,32,0,0,0,0,0,
19505,1160,16.9534,60.061,-475.392,-375.773,-442.67,-410.294,1,25,18,32,0,0,0,0,0,
19721,1173,16.2812,60.061,-518.631,-375.773,-470.497,-393.82,1,25,18,32,0,0,0,0,0,
19937,1186,16.5552,60.061,-561.941,-375.773,-505.742,-385.198,1,25,18,32,0,0,0,0,0,
20154,1199,16.6682,60.061,-592.031,-375.773,-543.32,-380.694,1,25,18,32,0,0,0,0,0,
20354,1210,31.6249,59.9857,-592.031,-375.773,-545.789,-380.445,1,25,18,32,0,0,0,0,0,
20555,1223,16.8636,59.9857,-592.031,-398.97,-548.067,-381.197,1,25,18,32,0,0,0,0,0,
20755,1235,17.1539,59.9857,-592.031,-398.97,-548.067,-381.197,1,25,18,32,0,0,0,0,0,
20972,1248,17.6089,59.9857,-592.031,-398.97,-548.067,-381.197,1,25,18,32,0,0,0,0,0,
21187,1261,16.5878,59.9857,-592.031,-392.412,-548.067,-381.197,1,25,18,32,0,0,0,0,0,
21387,1273,16.7943,59.994,-592.031,-372.227,-548.067,-381.197,1,25,18,32,0,0,0,0,0,
21587,1285,16.785,59.994,-592.031,-372.227,-548.067,-381.197,1,25,18,32,0,0,0,0,0,
21804,1298,16.6892,59.994,-592.031,-378.89,-548.067,-381.197,1,25,18,32,0,0,0,0,0,
22004,1310,16.6602,59.994,-592.031,-392.283,-548.067,-381.197,1,25,18,32,0,0,0,0,0,
22221,1323,16.7035,59.994,-592.031,-392.283,-548.067,-381.197,1,25,18,32,0,0,0,0,0,
22437,1336,17.6299,60.0489,-592.031,-392.283,-548.067,-381.197,1,25,18,32,0,0,0,0,0,
22654,1349,16.8162,60.0489,-592.031,-392.283,-548.067,-381.197,1,25,18,32,0,0,0,0,0,
22871,1362,16.611,60.0489,-592.031,-392.283,-548.067,-381.197,1,25,18,32,0,0,0,0,0,
23088,1375,17.5498,60.0489,-592.031,-375.561,-548.067,-381.197,1,25,18,32,0,0,0,0,0,
23288,1387,17.3626,60.0489,-592.031,-362.291,-548.067,-381.197,1,25,18,32,0,0,0,0,0,
23503,1400,17.4661,60.024,-595.524,-362.291,-550.49,-380.232,1,25,18,32,0,0,0,0,0,
23720,1413,16.423,60.024,-628.807,-362.291,-583.241,-371.673,1,25,18,32,0,0,0,0,0,
23920,1425,16.8348,60.024,-628.807,-362.291,-583.241,-371.673,1,25,18,32,0,0,0,0,0,
24120,1437,16.8435,60.024,-638.955,-362.291,-590.646,-370.349,1,25,18,32,0,0,0,0,0,
24337,1450,16.5438,60.024,-682.214,-362.291,-625.93,-366.502,1,25,18,32,0,0,0,0,0,
24553,1463,17.017,59.9947,-725.467,-362.291,-665.075,-364.492,1,25,18,32,0,0,0,0,0,
24769,1476,16.423,59.9947,-748.716,-362.291,-702.947,-363.442,1,25,18,32,0,0,0,0,0,
24986,1489,18.2467,59.9947,-748.716,-362.291,-702.947,-363.442,1,25,18,32,0,0,0,0,0,
25202,1502,16.5866,59.9947,-748.716,-382.03,-705.134,-364.172,1,25,18,32,0,0,0,0,0,
25414,1514,27.5203,60.0585,-748.716,-424.389,-724.464,-383.779,1,25,18,32,0,0,0,0,0,
25619,1527,16.139,60.0585,-748.716,-465.257,-735.579,-413.439,1,25,18,32,0,0,0,0,0,
25819,1539,16.3483,60.0585,-748.716,-465.257,-737.415,-420.683,1,25,18,32,0,0,0,0,0,
26019,1551,16.5579,60.0585,-748.716,-465.257,-737.415,-420.683,1,25,18,32,0,0,0,0,0,
26235,1564,17.1235,60.0585,-748.716,-488.586,-741.505,-442.76,1,25,18,32,0,0,0,0,0,
26439,1576,6.15436,60.025,-748.716,-488.586,-741.505,-442.76,1,25,18,32,0,0,0,0,0,
26652,1589,16.8164,60.025,-748.716,-508.718,-743.384,-457.893,1,25,18,32,0,0,0,0,0,
26868,1602,16.4969,60.025,-748.716,-515.335,-744.346,-468.115,1,25,18,32,0,0,0,0,0,
27069,1614,16.6669,60.025,-748.716,-515.335,-744.346,-468.115,1,25,18,32,0,0,0,0,0,
27285,1627,16.7158,60.025,-748.716,-515.335,-744.346,-468.115,1,25,18,32,0,0,0,0,0,
27500,1640,16.5654,60.0341,-748.716,-515.335,-744.346,-468.115,1,25,18,32,0,0,0,0,0,
27701,1652,16.7187,60.0341,-748.716,-515.335,-744.346,-468.115,1,25,18,32,0,0,0,0,0,
27918,1665,16.6111,60.0341,-768.628,-515.335,-746.827,-474.686,1,25,18,32,0,0,0,0,0,
28118,1677,16.6757,60.0341,-768.628,-515.335,-746.827,-474.686,1,25,18,32,0,0,0,0,0,
28318,1689,16.6858,60.0341,-751.911,-515.335,-746.827,-474.686,1,25,18,32,0,0,0,0,0,
28534,1702,16.7761,59.9966,-731.642,-515.335,-746.827,-474.686,1,25,18,32,0,0,0,0,0,
28751,1715,16.6127,59.9966,-731.642,-515.335,-746.827,-474.686,1,25,18,32,0,0,0,0,0,
28967,1728,16.7264,59.9966,-731.642,-515.335,-746.827,-474.686,1,25,18,32,0,0,0,0,0,
29168,1740,17.7729,59.9966,-731.642,-515.335,-746.827,-474.686,1,25,18,32,0,0,0,0,0,
29384,1753,16.5468,59.9966,-758.384,-515.335,-746.827,-474.686,1,25,18,32,0,0,0,0,0,
29601,1766,16.6484,60.0655,-758.384,-515.335,-746.827,-474.686,1,25,18,32,0,0,0,0,0,
29817,1779,16.6991,60.0655,-758.384,-515.335,-746.827,-474.686,1,25,18,32,0,0,0,0,0,
30017,1791,16.813,60.0655,-758.384,-515.335,-746.827,-474.686,1,25,18,32,0,0,0,0,0,
30234,1804,16.663,60.0655,-758.384,-515.335,-746.827,-474.686,1,25,18,32,0,0,0,0,0,
30434,1816,16.5998,60.0097,-758.384,-501.884,-746.827,-474.686,1,25,18,32,0,0,0,0,0,
30650,1829,16.782,60.0097,-758.384,-491.214,-746.827,-474.686,1,25,18,32,0,0,0,0,0,
30867,1842,16.7253,60.0097,-758.384,-491.214,-746.827,-474.686,1,25,18,32,0,0,0,0,0,
31084,1855,17.2226,60.0097,-738.472,-491.214,-746.827,-474.686,1,25,18,32,0,0,0,0,0,
31284,1867,17.4117,60.0097,-738.472,-491.214,-746.827,-474.686,1,25,18,32,0,0,0,0,0,
31497,1879,29.5884,60.0257,-738.472,-491.214,-746.827,-474.686,1,25,18,32,0,0,0,0,0,
31699,1892,16.5133,60.0257,-752.054,-491.214,-746.827,-474.686,1,25,18,32,0,0,0,0,0,
31916,1905,16.6479,60.0257,-752.054,-491.214,-746.827,-474.686,1,25,18,32,0,0,0,0,0,
32116,1917,16.7267,60.0257,-752.054,-491.214,-746.827,-474.686,1,25,18,32,0,0,0,0,0,
32333,1930,17.0256,60.0257,-752.054,-491.214,-746.827,-474.686,1,25,18,32,0,0,0,0,0,
32535,1942,14.8884,60.0396,-752.054,-491.214,-746.827,-474.686,1,25,18,32,0,0,0,0,0,
32749,1955,17.2055,60.0396,-752.054,-491.214,-746.827,-474.686,1,25,18,32,0,0,0,0,0,
32965,1968,16.5715,60.0396,-752.054,-491.214,-746.827,-474.686,1,25,18,32,0,0,0,0,0,
33166,1980,16.5036,60.0396,-752.054,-491.214,-746.827,-474.686,1,25,18,32,0,0,0,0,0,
33366,1992,16.2492,60.0396,-752.054,-501.252,-746.827,-474.686,1,25,18,32,0,0,0,0,0,
33581,2005,16.6458,60.0428,-752.054,-501.252,-746.827,-474.686,1,25,18,32,0,0,0,0,0,
33782,2017,16.854,60.0428,-752.054,-501.252,-746.827,-474.686,1,25,18,32,0,0,0,0,0,
33998,2030,16.8324,60.0428,-752.054,-501.252,-746.827,-474.686,1,25,18,32,0,0,0,0,0,
34198,2042,16.1507,60.0428,-752.054,-501.252,-746.827,-474.686,1,25,18,32,0,0,0,0,0,
34415,2055,16.7445,60.0428,-752.054,-511.244,-746.827,-474.686,1,25,18,32,0,0,0,0,0,
34616,2067,18.6181,60.0454,-752.054,-511.244,-746.827,-474.686,1,25,18,32,0,0,0,0,0,
34831,2080,17.0108,60.0454,-752.054,-511.244,-746.827,-474.686,1,25,18,32,0,0,0,0,0,
35048,2093,17.2494,60.0454,-752.054,-511.244,-746.827,-474.686,1,25,18,32,0,0,0,0,0,
35265,2106,16.7398,60.0454,-752.054,-511.244,-746.827,-474.686,1,25,18,32,0,0,0,0,0,
35481,2119,16.6978,60.0454,-752.054,-511.244,-746.827,-474.686,1,25,18,32,0,0,0,0,0,
35697,2132,16.3189,59.9988,-752.054,-511.244,-746.827,-474.686,1,25,18,32,0,0,0,0,0,
35914,2145,17.1442,59.9988,-752.054,-511.244,-746.827,-474.686,1,25,18,32,0,0,0,0,0,
36131,2158,16.6165,59.9988,-752.054,-511.244,-746.827,-474.686,1,25,18,32,0,0,0,0,0,
36331,2170,16.7187,59.9988,-752.054,-511.244,-746.827,-474.686,1,25,18,32,0,0,0,0,0,
36531,2182,16.9653,60.0376,-752.054,-511.244,-746.827,-474.686,1,25,18,32,0,0,0,0,0,
36747,2195,16.5915,60.0376,-752.054,-511.244,-746.827,-474.686,1,25,18,32,0,0,0,0,0,
36963,2208,16.7359,60.0376,-752.054,-511.244,-746.827,-474.686,1,25,18,32,0,0,0,0,0,
37164,2220,17.2297,60.0376,-752.054,-511.244,-746.827,-474.686,1,25,18,32,0,0,0,0,0,
37380,2233,16.4012,60.0376,-752.054,-511.244,-746.827,-474.686,1,25,18,32,0,0,0,0,0,
37581,2245,18.4339,60.0503,-752.054,-511.244,-746.827,-474.686,1,25,18,32,0,0,0,0,0,
37796,2258,16.6113,60.0503,-752.054,-511.244,-746.827,-474.686,1,25,18,32,0,0,0,0,0,
38013,2271,16.6457,60.0503,-752.054,-511.244,-746.827,-474.686,1,25,18,32,0,0,0,0,0,
38214,2283,17.3403,60.0503,-752.054,-511.244,-746.827,-474.686,1,25,18,32,0,0,0,0,0,
38430,2296,16.7971,60.0503,-752.054,-511.244,-746.827,-474.686,1,25,18,32,0,0,0,0,0,
38647,2309,16.8243,59.9922,-752.054,-511.244,-746.827,-474.686,1,25,18,32,0,0,0,0,0,
38863,2322,17.0695,59.9922,-752.054,-511.244,-746.827,-474.686,1,25,18,32,0,0,0,0,0,
39063,2334,17.1996,59.9922,-752.054,-511.244,-746.827,-474.686,1,25,18,32,0,0,0,0,0,
39280,2347,17.1764,59.9922,-752.054,-511.244,-746.827,-474.686,1,25,18,32,0,0,0,0,0,
39480,2359,17.0645,59.9922,-752.054,-511.244,-746.827,-474.686,1,25,18,32,0,0,0,0,0,
39696,2372,16.6679,60.0496,-752.054,-511.244,-746.827,-474.686,1,25,18,32,0,0,0,0,0,
39912,2385,16.396,60.0496,-752.054,-511.244,-746.827,-474.686,1,25,18,32,0,0,0,0,0,
40112,2397,16.6904,60.0496,-752.054,-511.244,-746.827,-474.686,1,25,18,32,0,0,0,0,0,
40312,2409,16.421,60.0496,-752.054,-511.244,-746.827,-474.686,1,25,18,32,0,0,0,0,0,
40512,2421,16.5095,60.0496,-752.054,-511.244,-746.827,-474.686,1,25,18,32,0,0,0,0,0,
40729,2434,16.2427,60.0235,-752.054,-511.244,-746.827,-474.686,1,25,18,32,0,0,0,0,0,
40945,2447,16.4542,60.0235,-752.054,-511.244,-746.827,-474.686,1,25,18,32,0,0,0,0,0,
41162,2460,17.122,60.0235,-752.054,-511.244,-746.827,-474.686,1,25,18,32,0,0,0,0,0,
41362,2472,16.6317,60.0235,-752.054,-511.244,-746.827,-474.686,1,25,18,32,0,0,0,0,0,
41578,2485,16.5984,60.0213,-752.054,-511.244,-746.827,-474.686,1,25,18,32,0,0,0,0,0,
41794,2498,16.2625,60.0213,-752.054,-511.244,-746.827,-474.686,1,25,18,32,0,0,0,0,0,
41995,2510,16.6446,60.0213,-752.054,-511.244,-746.827,-474.686,1,25,18,32,0,0,0,0,0,
42211,2523,17.5264,60.0213,-752.054,-511.244,-746.827,-474.686,1,25,18,32,0,0,0,0,0,
42412,2535,17.8318,60.0213,-752.054,-511.244,-746.827,-474.686,1,25,18,32,0,0,0,0,0,
42612,2547,17.8956,60.0462,-752.054,-511.244,-746.827,-474.686,1,25,18,32,0,0,0,0,0,
42827,2560,16.1841,60.0462,-752.054,-511.244,-746.827,-474.686,1,25,18,32,0,0,0,0,0,
43044,2573,16.7711,60.0462,-752.054,-511.244,-746.827,-474.686,1,25,18,32,0,0,0,0,0,
43244,2585,16.6345,60.0462,-752.054,-511.244,-746.827,-474.686,1,25,18,32,0,0,0,0,0,
43461,2598,16.8395,60.0462,-752.054,-511.244,-746.827,-474.686,1,25,18,32,0,0,0,0,0,
43663,2610,4.86566,59.9997,-752.054,-511.244,-746.827,-474.686,1,25,18,32,0,0,0,0,0,
43877,2623,16.5991,59.9997,-752.054,-511.244,-746.827,-474.686,1,25,18,32,0,0,0,0,0,
44093,2636,16.6222,59.9997,-752.054,-511.244,-746.827,-474.686,1,25,18,32,0,0,0,0,0,
44294,2648,16.6287,59.9997,-752.054,-511.244,-746.827,-474.686,1,25,18,32,0,0,0,0,0,
44494,2660,16.4584,59.9997,-752.054,-521.316,-746.827,-474.686,1,25,18,32,0,0,0,0,0,
44694,2672,15.5002,60.048,-752.054,-521.316,-746.827,-474.686,1,25,18,32,0,0,0,0,0,
44910,2685,16.4471,60.048,-752.054,-521.316,-746.827,-474.686,1,25,18,32,0,0,0,0,0,
45110,2697,16.6865,60.048,-752.054,-521.316,-746.827,-474.686,1,25,18,32,0,0,0,0,0,
45310,2709,16.6745,60.048,-752.054,-521.316,-746.827,-474.686,1,25,18,32,0,0,0,0,0,
45526,2722,16.7948,60.048,-752.054,-521.316,-746.827,-474.686,1,25,18,32,0,0,0,0,0,
45742,2735,16.6632,60.0446,-752.054,-521.316,-746.827,-474.686,1,25,18,32,0,0,0,0,0,
45943,2747,16.5086,60.0446,-752.054,-521.316,-746.827,-474.686,1,25,18,32,0,0,0,0,0,
46159,2760,16.642,60.0446,-752.054,-521.316,-746.827,-474.686,1,25,18,32,0,0,0,0,0,
46359,2772,16.5154,60.0446,-752.054,-521.316,-746.827,-474.686,1,25,18,32,0,0,0,0,0,
46576,2785,17.3068,60.0446,-752.054,-521.316,-746.827,-474.686,1,25,18,32,0,0,0,0,0,
46792,2798,16.0109,59.9856,-752.054,-511.259,-746.827,-474.686,1,25,18,32,0,0,0,0,0,
47009,2811,16.5886,59.9856,-752.054,-511.259,-746.827,-474.686,1,25,18,32,0,0,0,0,0,
47209,2823,17.0288,59.9856,-752.054,-511.259,-746.827,-474.686,1,25,18,32,0,0,0,0,0,
47409,2835,16.7165,59.9856,-752.054,-511.259,-746.827,-474.686,1,25,18,32,0,0,0,0,0,
47609,2847,16.6745,59.9856,-752.054,-511.259,-746.827,-474.686,1,25,18,32,0,0,0,0,0,
47825,2860,16.8973,60.0571,-752.054,-511.259,-746.827,-474.686,1,25,18,32,0,0,0,0,0,
48041,2873,16.8366,60.0571,-752.054,-511.259,-746.827,-474.686,1,25,18,32,0,0,0,0,0,
48242,2885,17.0896,60.0571,-752.054,-511.259,-746.827,-474.686,1,25,18,32,0,0,0,0,0,
48442,2897,16.7452,60.0571,-752.054,-511.259,-746.827,-474.686,1,25,18,32,0,0,0,0,0,
48658,2910,16.3641,60.0571,-752.054,-511.259,-746.827,-474.686,1,25,18,32,0,0,0,0,0,
48875,2923,17.0124,60.0088,-752.054,-511.259,-746.827,-474.686,1,25,18,32,0,0,0,0,0,
49091,2936,16.7843,60.0088,-752.054,-511.259,-746.827,-474.686,1,25,18,32,0,0,0,0,0,
49291,2948,16.6268,60.0088,-752.054,-511.259,-746.827,-474.686,1,25,18,32,0,0,0,0,0,
49508,2961,17.5779,60.0088,-752.054,-511.259,-746.827,-474.686,1,25,18,32,0,0,0,0,0,
49708,2973,17.8709,60.0806,-752.054,-511.259,-746.827,-474.686,1,25,18,32,0,0,0,0,0,
49924,2986,16.5583,60.0806,-752.054,-511.259,-746.827,-474.686,1,25,18,32,0,0,0,0,0,
50140,2999,16.5689,60.0806,-752.054,-517.912,-746.827,-474.686,1,25,18,32,0,0,0,0,0,
50341,3011,16.45,60.0806,-752.054,-517.912,-746.827,-474.686,1,25,18,32,0,0,0,0,0,
50541,3023,16.9236,60.0806,-752.054,-517.912,-746.827,-474.686,1,25,18,32,0,0,0,0,0,
50748,3034,39.617,59.984,-752.054,-517.912,-746.827,-474.686,1,25,18,32,0,0,0,0,0,
50956,3048,16.5847,59.984,-752.054,-517.912,-746.827,-474.686,1,25,18,32,0,0,0,0,0,
51173,3061,16.6368,59.984,-752.054,-517.912,-746.827,-474.686,1,25,18,32,0,0,0,0,0,
51373,3073,16.7414,59.984,-752.054,-517.912,-746.827,-474.686,1,25,18,32,0,0,0,0,0,
51574,3085,16.6262,59.984,-752.054,-517.912,-746.827,-474.686,1,25,18,32,0,0,0,0,0,
51778,3097,18.7559,60.0381,-752.054,-517.912,-746.827,-474.686,1,25,18,32,0,0,0,0,0,
51989,3110,16.5062,60.0381,-752.054,-517.912,-746.827,-474.686,1,25,18,32,0,0,0,0,0,
52206,3123,16.806,60.0381,-752.054,-517.912,-746.827,-474.686,1,25,18,32,0,0,0,0,0,
52406,3135,16.3884,60.0381,-752.054,-517.912,-746.827,-474.686,1,25,18,32,0,0,0,0,0,
52623,3148,16.6555,60.0381,-752.054,-517.912,-746.827,-474.686,1,25,18,32,0,0,0,0,0,
52823,3160,17.6037,60.0463,-752.054,-517.912,-752.054,-517.912,1,25,18,32,0,0,0,0,0,
53039,3173,16.9086,60.0463,-752.054,-517.912,-752.054,-517.912,1,25,18,32,0,0,0,0,0,
53256,3186,16.8234,60.0463,-752.054,-517.912,-752.054,-517.912,1,25,18,32,0,0,0,0,0,
53456,3198,16.6735,60.0463,-752.054,-517.912,-752.054,-517.912,1,25,18,32,0,0,0,0,0,
53656,3210,17.2813,60.0463,-752.054,-517.912,-752.054,-517.912,1,25,18,32,0,0,0,0,0,
53872,3223,16.0839,59.9928,-752.054,-517.912,-752.054,-517.912,1,25,18,32,0,0,0,0,0,
54072,3235,16.5703,59.9928,-752.054,-517.912,-752.054,-517.912,1,25,18,32,0,0,0,0,0,
54288,3248,16.6657,59.9928,-752.054,-517.912,-752.054,-517.912,1,25,18,32,0,0,0,0,0,
54489,3260,17.1315,59.9928,-752.054,-504.518,-752.054,-504.518,1,25,18,32,0,0,0,0,0,
54705,3273,16.8596,59.9928,-752.054,-504.518,-752.054,-504.518,1,25,18,32,0,0,0,0,0,
54906,3285,17.7953,60.0566,-752.054,-504.518,-752.054,-504.518,1,25,18,32,0,0,0,0,0,
55121,3298,16.5967,60.0566,-752.054,-504.518,-752.054,-504.518,1,25,18,32,0,0,0,0,0,
55337,3311,15.7327,60.0566,-752.054,-504.518,-752.054,-504.518,1,25,18,32,0,0,0,0,0,
55538,3323,16.7621,60.0566,-752.054,-504.518,-752.054,-504.518,1,25,18,32,0,0,0,0,0,
55754,3336,16.2692,60.044,-752.054,-504.518,-752.054,-504.518,1,25,18,32,0,0,0,0,0,
55955,3348,16.8598,60.044,-752.054,-521.054,-752.054,-521.054,1,25,18,32,0,0,0,0,0,
56171,3361,16.3602,60.044,-752.054,-521.054,-752.054,-521.054,1,25,18,32,0,0,0,0,0,
56371,3373,16.6817,60.044,-752.054,-521.054,-752.054,-521.054,1,25,18,32,0,0,0,0,0,
56588,3386,17.5507,60.044,-752.054,-504.46,-752.054,-504.46,1,25,18,32,0,0,0,0,0,
56789,3398,17.6357,60.0035,-752.054,-504.46,-752.054,-504.46,1,25,18,32,0,0,0,0,0,
57004,3411,16.6091,60.0035,-752.054,-504.46,-752.054,-504.46,1,25,18,32,0,0,0,0,0,
57221,3424,16.7846,60.0035,-752.054,-514.454,-752.054,-514.454,1,25,18,32,0,0,0,0,0,
57421,3436,16.4642,60.0035,-752.054,-514.454,-752.054,-514.454,1,25,18,32,0,0,0,0,0,
57621,3448,16.6916,60.0035,-752.054,-514.454,-752.054,-514.454,1,25,18,32,0,0,0,0,0,
57832,3460,27.2092,59.9979,-752.054,-514.454,-752.054,-514.454,1,25,18,32,0,0,0,0,0,
58037,3473,16.5966,59.9979,-752.054,-514.454,-752.054,-514.454,1,25,18,32,0,0,0,0,0,
58253,3486,16.8251,59.9979,-752.054,-514.454,-752.054,-514.454,1,25,18,32,0,0,0,0,0,
58454,3498,16.8174,59.9979,-752.054,-514.454,-752.054,-514.454,1,25,18,32,0,0,0,0,0,
58670,3511,16.8786,59.9979,-752.054,-514.454,-752.054,-514.454,1,25,18,32,0,0,0,0,0,
58885,3524,16.3002,60.0486,-752.054,-514.454,-752.054,-514.454,1,25,18,32,0,0,0,0,0,
59086,3536,16.7591,60.0486,-752.054,-514.454,-752.054,-514.454,1,25,18,32,0,0,0,0,0,
59302,3549,16.4676,60.0486,-752.054,-514.454,-752.054,-514.454,1,25,18,32,0,0,0,0,0,
59502,3561,16.2115,60.0486,-752.054,-514.454,-752.054,-514.454,1,25,18,32,0,0,0,0,0,
59703,3573,16.5004,60.0486,-752.054,-514.454,-752.054,-514.454,1,25,18,32,0,0,0,0,0,
59918,3586,16.3961,60.0378,-752.054,-514.454,-752.054,-514.454,1,25,18,32,0,0,0,0,0,
60119,3598,17.0261,60.0378,-752.054,-514.454,-752.054,-514.454,1,25,18,32,0,0,0,0,0,
60319,3610,17.0234,60.0378,-752.054,-514.454,-752.054,-514.454,1,25,18,32,0,0,0,0,0,
60535,3623,17.0214,60.0378,-752.054,-514.454,-752.054,-514.454,1,25,18,32,0,0,0,0,0,
60736,3635,16.9152,60.0378,-752.054,-514.454,-752.054,-514.454,1,25,18,32,0,0,0,0,0,
60952,3648,16.7797,59.9918,-752.054,-514.454,-752.054,-514.454,1,25,18,32,0,0,0,0,0,
61169,3661,16.7904,59.9918,-752.054,-514.454,-752.054,-514.454,1,25,18,32,0,0,0,0,0,
61384,3674,16.5403,59.9918,-752.054,-514.454,-752.054,-514.454,1,25,18,32,0,0,0,0,0,
61586,3686,16.6433,59.9918,-752.054,-514.454,-752.054,-514.454,1,25,18,32,0,0,0,0,0,
61802,3699,16.5415,59.9918,-752.054,-514.454,-752.054,-514.454,1,25,18,32,0,0,0,0,0,
62003,3711,17.3157,60.0294,-752.054,-514.454,-752.054,-514.454,1,25,18,32,0,0,0,0,0,
62218,3724,17.1695,60.0294,-752.054,-514.454,-752.054,-514.454,1,25,18,32,0,0,0,0,0,
62435,3737,16.7127,60.0294,-752.054,-514.454,-752.054,-514.454,1,25,18,32,0,0,0,0,0,
62652,3750,17.3423,60.0294,-752.054,-514.454,-752.054,-514.454,1,25,18,32,0,0,0,0,0,
62868,3763,16.8103,60.0654,-752.054,-514.454,-752.054,-514.454,1,25,18,32,0,0,0,0,0,
63084,3776,16.659,60.0654,-752.054,-514.454,-752.054,-514.454,1,25,18,32,0,0,0,0,0,
63300,3789,16.2663,60.0654,-752.054,-514.454,-752.054,-514.454,1,25,18,32,0,0,0,0,0,
63501,3801,16.5868,60.0654,-752.054,-514.454,-752.054,-514.454,1,25,18,32,0,0,0,0,0,
63718,3814,16.7497,60.0654,-752.054,-514.454,-752.054,-514.454,1,25,18,32,0,0,0,0,0,
63920,3826,5.02531,60.0187,-752.054,-514.454,-752.054,-514.454,1,25,18,32,0,0,0,0,0,
64134,3839,16.9077,60.0187,-752.054,-514.454,-752.054,-514.454,1,25,18,32,0,0,0,0,0,
64350,3852,16.4976,60.0187,-752.054,-514.454,-752.054,-514.454,1,25,18,32,0,0,0,0,0,
64550,3864,16.1329,60.0187,-752.054,-514.454,-752.054,-514.454,1,25,18,32,0,0,0,0,0,
64767,3877,16.7535,60.0187,-752.054,-514.454,-752.054,-514.454,1,25,18,32,0,0,0,0,0,
64970,3889,19.5498,59.9908,-752.054,-514.454,-752.054,-514.454,1,25,18,32,0,0,0,0,0,
65183,3902,16.8239,59.9908,-752.054,-514.454,-752.054,-514.454,1,25,18,32,0,0,0,0,0,
65400,3915,16.4491,59.9908,-752.054,-514.454,-752.054,-514.454,1,25,18,32,0,0,0,0,0,
65600,3927,16.5359,59.9908,-752.054,-514.454,-752.054,-514.454,1,25,18,32,0,0,0,0,0,
65817,3940,17.1156,59.9908,-752.054,-514.454,-752.054,-514.454,1,25,18,32,0,0,0,0,0,
66033,3953,17.8216,60.0747,-752.054,-514.454,-752.054,-514.454,1,25,18,32,0,0,0,0,0,
66249,3966,17.3507,60.0747,-752.054,-514.454,-752.054,-514.454,1,25,18,32,0,0,0,0,0,
66449,3978,16.4222,60.0747,-752.054,-514.454,-752.054,-514.454,1,25,18,32,0,0,0,0,0,
66650,3990,16.8839,60.0747,-752.054,-514.454,-752.054,-514.454,1,25,18,32,0,0,0,0,0,
66866,4003,16.9886,60.0747,-752.054,-514.454,-752.054,-514.454,1,25,18,32,0,0,0,0,0,
67082,4016,16.48,60.0368,-752.054,-514.454,-752.054,-514.454,1,25,18,32,0,0,0,0,0,
67299,4029,16.5374,60.0368,-752.054,-514.454,-752.054,-514.454,1,25,18,32,0,0,0,0,0,
67500,4041,17.2754,60.0368,-752.054,-514.454,-752.054,-514.454,1,25,18,32,0,0,0,0,0,
67716,4054,17.7373,60.0368,-752.054,-514.454,-752.054,-514.454,1,25,18,32,0,0,0,0,0,
67932,4067,16.2308,60.0456,-752.054,-514.454,-752.054,-514.454,1,25,18,32,0,0,0,0,0,
68148,4080,16.8047,60.0456,-752.054,-514.454,-752.054,-514.454,1,25,18,32,0,0,0,0,0,
68365,4093,16.8003,60.0456,-752.054,-514.454,-752.054,-514.454,1,25,18,32,0,0,0,0,0,
68582,4106,17.0859,60.0456,-752.054,-514.454,-752.054,-514.454,1,25,18,32,0,0,0,0,0,
68797,4119,16.6525,60.0456,-752.054,-514.454,-752.054,-514.454,1,25,18,32,0,0,0,0,0,
68998,4131,17.6112,60.0608,-752.054,-514.454,-752.054,-514.454,1,25,18,32,0,0,0,0,0,
69215,4144,17.3527,60.0608,-752.054,-514.454,-752.054,-514.454,1,25,18,32,0,0,0,0,0,
69415,4156,16.6614,60.0608,-752.054,-514.454,-752.054,-514.454,1,25,18,32,0,0,0,0,0,
69632,4169,17.2215,60.0608,-752.054,-514.454,-752.054,-514.454,1,25,18,32,0,0,0,0,0,
69848,4182,16.3549,60.0608,-752.054,-514.454,-752.054,-514.454,1,25,18,32,0,0,0,0,0,
70065,4195,16.9795,59.9731,-752.054,-514.454,-752.054,-514.454,1,25,18,32,0,0,0,0,0,
70281,4208,16.8813,59.9731,-752.054,-514.454,-752.054,-514.454,1,25,18,32,0,0,0,0,0,
70498,4221,16.7253,59.9731,-752.054,-514.454,-752.054,-514.454,1,25,18,32,0,0,0,0,0,
70714,4234,17.2551,59.9731,-752.054,-514.454,-752.054,-514.454,1,25,18,32,0,0,0,0,0,
70931,4247,16.6604,59.9731,-752.054,-514.454,-752.054,-514.454,1,25,18,32,0,0,0,0,0,
71131,4259,17.2532,59.9983,-752.054,-514.454,-752.054,-514.454,1,25,18,32,0,0,0,0,0,
71347,4272,16.6574,59.9983,-752.054,-514.454,-752.054,-514.454,1,25,18,32,0,0,0,0,0,
71564,4285,17.135,59.9983,-752.054,-514.454,-752.054,-514.454,1,25,18,32,0,0,0,0,0,
71781,4298,16.7581,59.9983,-752.054,-514.454,-752.054,-514.454,1,25,18,32,0,0,0,0,0,
71981,4310,17.2258,60.0591,-752.054,-514.454,-752.054,-514.454,1,25,18,32,0,0,0,0,0,
72196,4323,16.3757,60.0591,-752.054,-514.454,-752.054,-514.454,1,25,18,32,0,0,0,0,0,
72413,4336,16.8593,60.0591,-752.054,-514.454,-752.054,-514.454,1,25,18,32,0,0,0,0,0,
72629,4349,16.2866,60.0591,-752.054,-514.454,-752.054,-514.454,1,25,18,32,0,0,0,0,0,
72830,4361,16.7944,60.0591,-752.054,-514.454,-752.054,-514.454,1,25,18,32,0,0,0,0,0,
73032,4373,9.04953,59.9989,-752.054,-514.454,-752.054,-514.454,1,25,18,32,0,0,0,0,0,
73245,4386,16.8254,59.9989,-752.054,-514.454,-752.054,-514.454,1,25,18,32,0,0,0,0,0,
73446,4398,16.7804,59.9989,-752.054,-514.454,-752.054,-514.454,1,25,18,32,0,0,0,0,0,
73646,4410,16.3665,59.9989,-752.054,-514.454,-752.054,-514.454,1,25,18,32,0,0,0,0,0,
73862,4423,16.5449,59.9989,-752.054,-514.454,-752.054,-514.454,1,25,18,32,0,0,0,0,0,
74063,4435,5.94982,60.0402,-752.054,-514.454,-752.054,-514.454,1,25,18,32,0,0,0,0,0,
74279,4448,16.5559,60.0402,-752.054,-514.454,-752.054,-514.454,1,25,18,32,0,0,0,0,0,
74479,4460,16.4105,60.0402,-752.054,-514.454,-752.054,-514.454,1,25,18,32,0,0,0,0,0,
74696,4473,17.5069,60.0402,-752.054,-514.454,-752.054,-514.454,1,25,18,32,0,0,0,0,0,
74897,4485,17.9853,60.0402,-752.054,-514.454,-752.054,-514.454,1,25,18,32,0,0,0,0,0,
75111,4498,16.6823,60.0655,-752.054,-514.454,-752.054,-514.454,1,25,18,32,0,0,0,0,0,
75312,4510,16.5974,60.0655,-752.054,-514.454,-752.054,-514.454,1,25,18,32,0,0,0,0,0,
75528,4523,16.9594,60.0655,-752.054,-514.454,-752.054,-514.454,1,25,18,32,0,0,0,0,0,
75728,4535,16.0804,60.0655,-752.054,-514.454,-752.054,-514.454,1,25,18,32,0,0,0,0,0,
75929,4547,17.0309,60.0655,-752.054,-514.454,-752.054,-514.454,1,25,18,32,0,0,0,0,0,
76129,4559,15.7118,59.9877,-752.054,-514.454,-752.054,-514.454,1,25,18,32,0,0,0,0,0,
76344,4572,16.6992,59.9877,-752.054,-514.454,-752.054,-514.454,1,25,18,32,0,0,0,0,0,
76544,4584,17.001,59.9877,-752.054,-514.454,-752.054,-514.454,1,25,18,32,0,0,0,0,0,
76745,4596,17.3059,59.9877,-752.054,-514.454,-752.054,-514.454,1,25,18,32,0,0,0,0,0,
76962,4609,17.4377,59.9877,-752.054,-514.454,-752.054,-514.454,1,25,18,32,0,0,0,0,0,
77176,4622,16.5678,60.068,-752.054,-514.454,-752.054,-514.454,1,25,18,32,0,0,0,0,0,
77377,4634,16.3411,60.068,-752.054,-514.454,-752.054,-514.454,1,25,18,32,0,0,0,0,0,
77593,4647,16.3074,60.068,-752.054,-514.454,-752.054,-514.454,1,25,18,32,0,0,0,0,0,
77793,4659,15.5598,60.068,-752.054,-514.454,-752.054,-514.454,1,25,18,32,0,0,0,0,0,
78009,4672,16.7468,60.068,-752.054,-514.454,-752.054,-514.454,1,25,18,32,0,0,0,0,0,
78209,4684,16.739,60.0998,-752.054,-514.454,-752.054,-514.454,1,25,18,32,0,0,0,0,0,
78410,4696,17.0334,60.0998,-752.054,-514.454,-752.054,-514.454,1,25,18,32,0,0,0,0,0,
78626,4709,16.7486,60.0998,-752.054,-514.454,-752.054,-514.454,1,25,18,32,0,0,0,0,0,
78843,4722,17.3831,60.0998,-752.054,-514.454,-752.054,-514.454,1,25,18,32,0,0,0,0,0,
79061,4735,17.8085,59.9846,-752.054,-514.454,-752.054,-514.454,1,25,18,32,0,0,0,0,0,
79276,4748,16.3315,59.9846,-752.054,-514.454,-752.054,-514.454,1,25,18,32,0,0,0,0,0,
79493,4761,16.8631,59.9846,-752.054,-514.454,-752.054,-514.454,1,25,18,32,0,0,0,0,0,
79693,4773,16.0283,59.9846,-752.054,-514.454,-752.054,-514.454,1,25,18,32,0,0,0,0,0,
79893,4785,16.7559,59.9846,-752.054,-514.454,-752.054,-514.454,1,25,18,32,0,0,0,0,0,
80096,4797,4.89768,59.9224,-752.054,-514.454,-752.054,-514.454,1,25,18,32,0,0,0,0,0,
80309,4810,16.8894,59.9224,-752.054,-514.454,-752.054,-514.454,1,25,18,32,0,0,0,0,0,
80526,4823,16.5457,59.9224,-752.054,-514.454,-752.054,-514.454,1,25,18,32,0,0,0,0,0,
80726,4835,16.4589,59.9224,-752.054,-514.454,-752.054,-514.454,1,25,18,32,0,0,0,0,0,
80926,4847,17.0286,59.9224,-752.054,-514.454,-752.054,-514.454,1,25,18,32,0,0,0,0,0,
81127,4859,12.9902,60.1069,-752.054,-514.454,-752.054,-514.454,1,25,18,32,0,0,0,0,0,
81342,4872,16.5289,60.1069,-752.054,-514.454,-752.054,-514.454,1,25,18,32,0,0,0,0,0,
81559,4885,16.8523,60.1069,-752.054,-514.454,-752.054,-514.454,1,25,18,32,0,0,0,0,0,
81775,4898,16.6153,60.1069,-752.054,-514.454,-752.054,-514.454,1,25,18,32,0,0,0,0,0,
81977,4910,17.7585,60.1069,-752.054,-514.454,-752.054,-514.454,1,25,18,32,0,0,0,0,0,
82192,4923,17.5529,59.995,-752.054,-514.454,-752.054,-514.454,1,25,18,32,0,0,0,0,0,
82408,4936,16.6054,59.995,-752.054,-514.454,-752.054,-514.454,1,25,18,32,0,0,0,0,0,
82625,4949,16.6815,59.995,-752.054,-514.454,-752.054,-514.454,1,25,18,32,0,0,0,0,0,
82826,4961,16.9618,59.995,-752.054,-514.454,-752.054,-514.454,1,25,18,32,0,0,0,0,0,
83041,4974,16.4357,59.995,-752.054,-514.454,-752.054,-514.454,1,25,18,32,0,0,0,0,0,
83242,4986,16.4882,60.0546,-752.054,-514.454,-752.054,-514.454,1,25,18,32,0,0,0,0,0,
83458,4999,16.6098,60.0546,-752.054,-514.454,-752.054,-514.454,1,25,18,32,0,0,0,0,0,
83673,5012,16.2541,60.0546,-752.054,-514.454,-752.054,-514.454,1,25,18,32,0,0,0,0,0,
83874,5024,15.9198,60.0546,-752.054,-514.454,-752.054,-514.454,1,25,18,32,0,0,0,0,0,
84075,5036,17.4028,60.0546,-752.054,-514.454,-752.054,-514.454,1,25,18,32,0,0,0,0,0,
84291,5049,16.7659,60.0119,-752.054,-514.454,-752.054,-514.454,1,25,18,32,0,0,0,0,0,
84507,5062,16.4235,60.0119,-752.054,-514.454,-752.054,-514.454,1,25,18,32,0,0,0,0,0,
84724,5075,16.5644,60.0119,-752.054,-514.454,-752.054,-514.454,1,25,18,32,0,0,0,0,0,
84939,5088,16.1023,60.0119,-752.054,-514.454,-752.054,-514.454,1,25,18,32,0,0,0,0,0,
85141,5100,17.1521,60.0593,-752.054,-514.454,-752.054,-514.454,1,25,18,32,0,0,0,0,0,
85357,5113,16.453,60.0593,-752.054,-514.454,-752.054,-514.454,1,25,18,32,0,0,0,0,0,
85574,5126,16.9892,60.0593,-752.054,-514.454,-752.054,-514.454,1,25,18,32,0,0,0,0,0,
85790,5139,16.9762,60.0593,-752.054,-514.454,-752.054,-514.454,1,25,18,32,0,0,0,0,0,
86006,5152,16.3633,60.0593,-752.054,-514.454,-752.054,-514.454,1,25,18,32,0,0,0,0,0,
86209,5164,10.3855,60.0267,-752.054,-514.454,-752.054,-514.454,1,25,18,32,0,0,0,0,0,
86423,5177,17.0031,60.0267,-752.054,-514.454,-752.054,-514.454,1,25,18,32,0,0,0,0,0,
86640,5190,17.4711,60.0267,-752.054,-514.454,-752.054,-514.454,1,25,18,32,0,0,0,0,0,
86840,5202,16.1436,60.0267,-752.054,-514.454,-752.054,-514.454,1,25,18,32,0,0,0,0,0,
87056,5215,17.2413,60.0267,-752.054,-514.454,-752.054,-514.454,1,25,18,32,0,0,0,0,0,
87273,5228,16.9573,60.0417,-752.054,-514.454,-752.054,-514.454,1,25,18,32,0,0,0,0,0,
87489,5241,15.9025,60.0417,-752.054,-514.454,-752.054,-514.454,1,25,18,32,0,0,0,0,0,
87689,5253,16.7297,60.0417,-752.054,-514.454,-752.054,-514.454,1,25,18,32,0,0,0,0,0,
87889,5265,16.9435,60.0417,-752.054,-514.454,-752.054,-514.454,1,25,18,32,0,0,0,0,0,
88106,5278,17.19,60.0417,-752.054,-514.454,-752.054,-514.454,1,25,18,32,0,0,0,0,0,
88322,5291,16.8661,59.9838,-752.054,-514.454,-752.054,-514.454,1,25,18,32,0,0,0,0,0,
88539,5304,16.728,59.9838,-752.054,-514.454,-752.054,-514.454,1,25,18,32,0,0,0,0,0,
88756,5317,17.7409,59.9838,-752.054,-514.454,-752.054,-514.454,1,25,18,32,0,0,0,0,0,
88972,5330,17.4821,59.9838,-752.054,-514.454,-752.054,-514.454,1,25,18,32,0,0,0,0,0,
89172,5342,15.3331,59.9544,-752.054,-514.454,-752.054,-514.454,1,25,18,32,0,0,0,0,0,
89388,5355,16.3647,59.9544,-752.054,-514.454,-752.054,-514.454,1,25,18,32,0,0,0,0,0,
89604,5368,16.4989,59.9544,-752.054,-514.454,-752.054,-514.454,1,25,18,32,0,0,0,0,0,
89805,5380,16.6613,59.9544,-752.054,-514.454,-752.054,-514.454,1,25,18,32,0,0,0,0,0,
90022,5393,16.8942,59.9544,-752.054,-514.454,-752.054,-514.454,1,25,18,32,0,0,0,0,0,
90223,5405,6.72383,60.1231,-752.054,-514.454,-752.054,-514.454,1,25,18,32,0,0,0,0,0,
90438,5418,16.5613,60.1231,-752.054,-514.454,-752.054,-514.454,1,25,18,32,0,0,0,0,0,
90654,5431,16.8193,60.1231,-752.054,-514.454,-752.054,-514.454,1,25,18,32,0,0,0,0,0,
90855,5443,16.2141,60.1231,-752.054,-514.454,-752.054,-514.454,1,25,18,32,0,0,0,0,0,
91071,5456,16.686,60.1231,-752.054,-514.454,-752.054,-514.454,1,25,18,32,0,0,0,0,0,
91287,5469,16.5633,60.0068,-752.054,-514.454,-752.054,-514.454,1,25,18,32,0,0,0,0,0,
91487,5481,16.7771,60.0068,-752.054,-514.454,-752.054,-514.454,1,25,18,32,0,0,0,0,0,
91704,5494,16.7999,60.0068,-752.054,-514.454,-752.054,-514.454,1,25,18,32,0,0,0,0,0,
91920,5507,16.8201,60.0068,-752.054,-514.454,-752.054,-514.454,1,25,18,32,0,0,0,0,0,
92136,5520,15.825,60.0068,-752.054,-514.454,-752.054,-514.454,1,25,18,32,0,0,0,0,0,
92338,5532,18.7603,60.1107,-752.054,-514.454,-752.054,-514.454,1,25,18,32,0,0,0,0,0,
92553,5545,16.7549,60.1107,-752.054,-514.454,-752.054,-514.454,1,25,18,32,0,0,0,0,0,
92754,5557,13.7868,60.1107,-752.054,-514.454,-752.054,-514.454,1,25,18,32,0,0,0,0,0,
92969,5570,16.152,60.1107,-752.054,-514.454,-752.054,-514.454,1,25,18,32,0,0,0,0,0,
93171,5582,16.9314,60.1107,-752.054,-514.454,-752.054,-514.454,1,25,18,32,0,0,0,0,0,
93387,5595,16.7021,59.9668,-752.054,-514.454,-752.054,-514.454,1,25,18,32,0,0,0,0,0,
93603,5608,16.7479,59.9668,-752.054,-514.454,-752.054,-514.454,1,25,18,32,0,0,0,0,0,
93819,5621,17.2663,59.9668,-752.054,-514.454,-752.054,-514.454,1,25,18,32,0,0,0,0,0,
94035,5634,16.1055,59.9668,-752.054,-514.454,-752.054,-514.454,1,25,18,32,0,0,0,0,0,
94238,5646,19.18,60.0646,-752.054,-514.454,-752.054,-514.454,1,25,18,32,0,0,0,0,0,
94453,5659,16.6888,60.0646,-752.054,-514.454,-752.054,-514.454,1,25,18,32,0,0,0,0,0,
94669,5672,16.5042,60.0646,-752.054,-514.454,-752.054,-514.454,1,25,18,32,0,0,0,0,0,
0,0,0.04357,0,500,0,500,0,1,25,18,18,18,18,0,0,0,chunk_loads
229,1,100,0,500,0,500,0,1,25,18,18,0,0,0,0,0,
434,17,16.7294,0,500,0,500,0,1,25,18,18,0,0,0,0,0,
650,30,15.9133,0,500,0,500,0,1,25,18,18,0,0,0,0,0,
850,42,16.7326,0,500,0,500,0,1,25,18,18,0,0,0,0,0,
1066,55,16.5642,51.9661,500,0,500,0,1,25,18,18,0,0,0,0,0,
1267,67,16.7482,51.9661,500,0,500,0,1,25,18,18,0,0,0,0,0,
1483,80,16.5091,51.9661,500,0,500,0,1,25,18,18,0,0,0,0,0,
1699,93,16.2199,51.9661,500,0,500,0,1,25,18,18,0,0,0,0,0,
1915,106,16.7246,51.9661,500,0,500,0,1,25,18,18,0,0,0,0,0,
2116,118,16.81,60.0809,500,0,500,0,1,25,18,18,0,0,0,0,0,
2316,130,16.7347,60.0809,500,0,500,0,1,25,18,18,0,0,0,0,0,
2516,142,16.7446,60.0809,500,0,500,0,1,25,18,18,0,0,0,0,0,
2733,155,16.6452,60.0809,500,0,500,0,1,25,18,18,0,0,0,0,0,
2950,168,17.1141,60.0809,500,0,500,0,1,25,18,18,0,0,0,0,0,
3166,181,16.6256,59.988,500,0,500,0,1,25,18,18,0,0,0,0,0,
3382,194,16.5944,59.988,500,0,500,0,1,25,18,18,0,0,0,0,0,
3582,206,16.3348,59.988,500,0,500,0,1,25,18,18,0,0,0,0,0,
3799,219,16.4828,59.988,500,0,500,0,1,25,18,18,0,0,0,0,0,
3999,231,16.5383,59.988,500,0,500,0,1,25,18,18,0,0,0,0,0,
4215,244,16.4016,60.0162,500,0,500,0,1,25,18,18,0,0,0,0,0,
4432,257,16.864,60.0162,500,0,500,0,1,25,18,18,0,0,0,0,0,
4648,270,16.7512,60.0162,500,0,500,0,1,25,18,18,0,0,0,0,0,
4864,283,16.6998,60.0162,500,0,500,0,1,25,18,18,0,0,0,0,0,
5065,295,17.1593,60.0333,500,0,500,0,1,25,18,18,0,0,0,0,0,
5282,308,16.6497,60.0333,500,0,500,0,1,25,18,18,0,0,0,0,0,
5498,321,16.5623,60.0333,500,0,500,0,1,25,18,18,0,0,0,0,0,
5714,334,16.0962,60.0333,500,0,500,0,1,25,18,18,0,0,0,0,0,
5914,346,16.5949,60.0333,500,0,500,0,1,25,18,18,0,0,0,0,0,
6117,357,35.0999,60.0204,500,0,500,0,1,25,18,18,0,0,0,0,0,
6331,371,16.7854,60.0204,500,0,500,0,1,25,18,18,0,0,0,0,0,
6547,384,16.4031,60.0204,500,0,500,0,1,25,18,18,0,0,0,0,0,
6764,397,17.0329,60.0204,500,0,500,0,1,25,18,18,0,0,0,0,0,
6964,409,16.6795,60.0204,500,0,500,0,1,25,18,18,0,0,0,0,0,
7180,422,16.8699,60.0283,483.479,0,483.479,0,1,25,18,18,0,0,0,0,0,
7381,434,16.9516,60.0283,443.341,0,443.341,0,1,25,18,18,0,0,0,0,0,
7597,447,16.8556,60.0283,400.057,0,400.057,0,1,25,18,18,0,0,0,0,0,
7814,460,16.8722,60.0283,356.7,0,356.7,0,1,25,18,18,0,0,0,0,0,
8030,473,16.5053,60.0283,313.48,0,313.48,0,1,25,18,18,0,0,0,0,0,
8247,486,16.8254,60.0004,270.14,0,270.14,0,1,25,18,18,0,0,0,0,0,
8463,499,16.6187,60.0004,226.848,0,226.848,0,1,25,18,18,0,0,0,0,0,
8680,512,16.9269,60.0004,183.509,0,183.509,0,1,25,18,18,0,0,0,0,0,
8896,525,16.8818,60.0004,140.202,0,140.202,0,1,25,18,18,0,0,0,0,0,
9113,538,16.9318,60.0429,120.258,0,120.258,0,1,25,18,18,0,0,0,0,0,
9330,551,16.7572,60.0429,120.258,0,120.258,0,1,25,18,18,0,0,0,0,0,
9379,554,16.4631,60.0429,120.258,-3.29263,120.258,-3.29263,1,25,18,24,6,6,0,0,0,chunk_loads
9546,564,17.0145,60.0429,120.258,-36.1885,120.258,-36.1885,1,25,18,24,0,0,0,0,0,
9746,576,16.3535,60.0429,120.258,-76.2168,120.258,-76.2168,1,25,18,24,0,0,0,0,0,
9963,589,16.8047,60.0429,120.258,-119.56,120.258,-119.56,1,25,18,24,0,0,0,0,0,
10173,601,26.8547,60.0564,120.258,-161.629,120.258,-161.629,1,25,18,24,0,0,0,0,0,
10379,614,16.5807,60.0564,120.258,-189.495,120.258,-189.495,1,25,18,24,0,0,0,0,0,
10595,627,16.7052,60.0564,120.258,-189.495,120.258,-189.495,1,25,18,24,0,0,0,0,0,
10796,639,16.6636,60.0564,120.258,-189.495,120.258,-189.495,1,25,18,24,0,0,0,0,0,
11012,652,16.4571,60.0564,120.258,-209.448,120.258,-209.448,1,25,18,24,0,0,0,0,0,
11228,665,16.2803,60.0165,120.258,-209.448,120.258,-209.448,1,25,18,24,0,0,0,0,0,
11429,677,16.847,60.0165,120.258,-232.808,120.258,-232.808,1,25,18,24,0,0,0,0,0,
11645,690,16.7757,60.0165,120.258,-236.176,120.258,-236.176,1,25,18,24,0,0,0,0,0,
11845,702,16.778,60.0165,120.258,-236.176,120.258,-236.176,1,25,18,24,0,0,0,0,0,
12045,714,16.9866,60.0165,100.236,-236.176,100.236,-236.176,1,25,18,24,0,0,0,0,0,
12245,726,18.0313,60.0328,96.9795,-236.176,96.9795,-236.176,1,25,18,24,0,0,0,0,0,
12461,739,16.5791,60.0328,93.6637,-236.176,93.6637,-236.176,1,25,18,24,0,0,0,0,0,
12661,751,16.9052,60.0328,73.5797,-236.176,73.5797,-236.176,1,25,18,24,0,0,0,0,0,
12878,764,16.5047,60.0328,73.5797,-236.176,73.5797,-236.176,1,25,18,24,0,0,0,0,0,
13078,776,16.6315,60.0328,73.5797,-236.176,73.5797,-236.176,1,25,18,24,0,0,0,0,0,
13294,789,16.8343,60.0309,73.5797,-236.176,73.5797,-236.176,1,25,18,24,0,0,0,0,0,
13494,801,16.6546,60.0309,73.5797,-236.176,73.5797,-236.176,1,25,18,24,0,0,0,0,0,
13711,814,16.541,60.0309,73.5797,-236.176,73.5797,-236.176,1,25,18,24,0,0,0,0,0,
13911,826,16.8624,60.0309,73.5797,-236.176,73.5797,-236.176,1,25,18,24,0,0,0,0,0,
14127,839,16.4346,60.0309,73.5797,-236.176,73.5797,-236.176,1,25,18,24,0,0,0,0,0,
14344,852,16.5862,60.0255,73.5797,-236.176,73.5797,-236.176,1,25,18,24,0,0,0,0,0,
14544,864,16.5766,60.0255,73.5797,-236.176,73.5797,-236.176,1,25,18,24,0,0,0,0,0,
14760,877,16.8203,60.0255,73.5797,-236.176,73.5797,-236.176,1,25,18,24,0,0,0,0,0,
14977,890,16.9033,60.0255,73.5797,-236.176,73.5797,-236.176,1,25,18,24,0,0,0,0,0,
15193,903,16.6146,60.0255,73.5797,-236.176,73.5797,-236.176,1,25,18,24,0,0,0,0,0,
15394,915,16.842,60.0049,73.5797,-236.176,73.5797,-236.176,1,25,18,24,0,0,0,0,0,
15610,928,16.845,60.0049,73.5797,-236.176,73.5797,-236.176,1,25,18,24,0,0,0,0,0,
15826,941,16.7009,60.0049,73.5797,-236.176,73.5797,-236.176,1,25,18,24,0,0,0,0,0,
16027,953,16.6899,60.0049,86.9491,-236.176,86.9491,-236.176,1,25,18,24,0,0,0,0,0,
16243,966,16.8703,60.0416,130.289,-236.176,130.289,-236.176,1,25,18,24,0,0,0,0,0,
16459,979,16.4977,60.0416,173.528,-236.176,173.528,-236.176,1,25,18,24,0,0,0,0,0,
16660,991,16.9604,60.0416,213.547,-236.176,213.547,-236.176,1,25,18,24,0,0,0,0,0,
16876,1004,16.7729,60.0416,256.825,-236.176,256.825,-236.176,1,25,18,24,0,0,0,0,0,
17092,1017,16.6281,60.0416,300.108,-236.176,300.108,-236.176,1,25,18,24,0,0,0,0,0,
17294,1029,6.88985,60.0253,340.381,-236.176,340.381,-236.176,1,25,18,24,0,0,0,0,0,
17509,1042,16.9538,60.0253,376.793,-236.176,376.793,-236.176,1,25,18,24,0,0,0,0,0,
17726,1055,16.5362,60.0253,376.793,-236.176,376.793,-236.176,1,25,18,24,0,0,0,0,0,
17942,1068,16.9997,60.0253,340.232,-236.176,340.232,-236.176,1,25,18,24,0,0,0,0,0,
18142,1080,16.5942,60.0253,300.126,-236.176,300.126,-236.176,1,25,18,24,0,0,0,0,0,
18358,1093,16.4246,60.0327,257.014,-236.176,257.014,-236.176,1,25,18,24,0,0,0,0,0,
18558,1105,16.5304,60.0327,216.871,-236.176,216.871,-236.176,1,25,18,24,0,0,0,0,0,
18775,1118,16.6097,60.0327,173.581,-236.176,173.581,-236.176,1,25,18,24,0,0,0,0,0,
18992,1131,16.7779,60.0327,130.253,-236.176,130.253,-236.176,1,25,18,24,0,0,0,0,0,
19192,1143,16.7992,60.0327,120.181,-236.176,120.181,-236.176,1,25,18,24,0,0,0,0,0,
19408,1156,16.8056,60.0291,120.181,-236.176,120.181,-236.176,1,25,18,24,0,0,0,0,0,
19608,1168,16.85,60.0291,93.4962,-236.176,93.4962,-236.176,1,25,18,24,0,0,0,0,0,
19825,1181,16.7891,60.0291,90.1493,-236.176,90.1493,-236.176,1,25,18,24,0,0,0,0,0,
20041,1194,16.8206,60.0291,90.1493,-226.129,90.1493,-226.129,1,25,18,24,0,0,0,0,0,
20258,1207,16.5077,60.0291,90.1493,-182.828,90.1493,-182.828,1,25,18,24,0,0,0,0,0,
20474,1220,16.5405,60.0414,90.1493,-139.58,90.1493,-139.58,1,25,18,24,0,0,0,0,0,
20690,1233,16.3299,60.0414,90.1493,-96.3385,90.1493,-96.3385,1,25,18,24,0,0,0,0,0,
20891,1245,16.5359,60.0414,90.1493,-86.4371,90.1493,-86.4371,1,25,18,24,0,0,0,0,0,
21091,1257,17.0755,60.0414,90.1493,-86.4371,90.1493,-86.4371,1,25,18,24,0,0,0,0,0,
21307,1270,16.3971,60.0305,90.1493,-86.4371,90.1493,-86.4371,1,25,18,24,0,0,0,0,0,
21507,1282,16.3474,60.0305,50.1412,-86.4371,50.1412,-86.4371,1,25,18,24,0,0,0,0,0,
21707,1294,16.9074,60.0305,10.1325,-86.4371,10.1325,-86.4371,1,25,18,24,0,0,0,0,0,
21773,1298,16.5805,60.0305,-3.13594,-86.4371,-3.13594,-86.4371,1,25,18,30,6,6,0,0,0,chunk_loads
21923,1307,16.4972,60.0305,-32.631,-86.4371,-32.631,-86.4371,1,25,18,30,0,0,0,0,0,
22123,1319,16.563,60.0305,-42.7881,-86.4371,-42.7881,-86.4371,1,25,18,30,0,0,0,0,0,
22340,1332,16.8256,60.0224,-42.7881,-86.4371,-42.7881,-86.4371,1,25,18,30,0,0,0,0,0,
22557,1345,16.4262,60.0224,-42.7881,-86.4371,-42.7881,-86.4371,1,25,18,30,0,0,0,0,0,
22773,1358,16.7772,60.0224,-42.7881,-86.4371,-42.7881,-86.4371,1,25,18,30,0,0,0,0,0,
22990,1371,16.703,60.0224,-42.7881,-56.431,-42.7881,-56.431,1,25,18,30,0,0,0,0,0,
23206,1384,16.5789,60.0224,-42.7881,-13.171,-42.7881,-13.171,1,25,18,30,0,0,0,0,0,
23422,1397,16.4244,60.0412,-46.073,-13.171,-46.073,-13.171,1,25,18,30,0,0,0,0,0,
23623,1409,16.5904,60.0412,-86.2084,-13.171,-86.2084,-13.171,1,25,18,30,0,0,0,0,0,
23839,1422,16.4242,60.0412,-102.813,-13.171,-102.813,-13.171,1,25,18,30,0,0,0,0,0,
24056,1435,16.6547,60.0412,-102.813,-13.171,-102.813,-13.171,1,25,18,30,0,0,0,0,0,
24272,1448,16.6876,60.0412,-102.813,-43.1758,-102.813,-43.1758,1,25,18,30,0,0,0,0,0,
24489,1461,16.6999,60.0223,-102.813,-43.1758,-102.813,-43.1758,1,25,18,30,0,0,0,0,0,
24689,1473,16.8823,60.0223,-79.5233,-43.1758,-79.5233,-43.1758,1,25,18,30,0,0,0,0,0,
24906,1486,16.77,60.0223,-79.5233,-43.1758,-79.5233,-43.1758,1,25,18,30,0,0,0,0,0,
25122,1499,16.8311,60.0223,-102.875,-43.1758,-102.875,-43.1758,1,25,18,30,0,0,0,0,0,
25339,1512,16.5924,60.0223,-102.875,-43.1758,-102.875,-43.1758,1,25,18,30,0,0,0,0,0,
25555,1525,16.4543,60.019,-102.875,-43.1758,-102.875,-43.1758,1,25,18,30,0,0,0,0,0,
25771,1538,16.8559,60.019,-102.875,-43.1758,-102.875,-43.1758,1,25,18,30,0,0,0,0,0,
25971,1550,16.182,60.019,-102.875,-43.1758,-102.875,-43.1758,1,25,18,30,0,0,0,0,0,
26188,1563,16.6885,60.019,-102.875,-43.1758,-102.875,-43.1758,1,25,18,30,0,0,0,0,0,
26405,1576,17.0212,60.0399,-102.875,-43.1758,-102.875,-43.1758,1,25,18,30,0,0,0,0,0,
26621,1589,16.6426,60.0399,-79.5495,-43.1758,-79.5495,-43.1758,1,25,18,30,0,0,0,0,0,
26838,1602,16.7255,60.0399,-72.8904,-43.1758,-72.8904,-43.1758,1,25,18,30,0,0,0,0,0,
27038,1614,16.7112,60.0399,-72.8904,-43.1758,-72.8904,-43.1758,1,25,18,30,0,0,0,0,0,
27254,1627,16.7905,60.0399,-42.8723,-43.1758,-42.8723,-43.1758,1,25,18,30,0,0,0,0,0,
27455,1639,7.38372,60.0327,-2.68501,-43.1758,-2.68501,-43.1758,1,25,18,30,0,0,0,0,0,
27671,1652,16.5567,60.0327,40.3744,-43.1758,40.3744,-43.1758,1,25,18,30,0,0,0,0,0,
27871,1664,16.8257,60.0327,63.7446,-43.1758,63.7446,-43.1758,1,25,18,30,0,0,0,0,0,
28087,1677,16.4702,60.0327,63.7446,-43.1758,63.7446,-43.1758,1,25,18,30,0,0,0,0,0,
28304,1690,16.6101,60.0327,63.7446,-43.1758,63.7446,-43.1758,1,25,18,30,0,0,0,0,0,
28520,1703,16.7634,60.0112,40.3977,-43.1758,40.3977,-43.1758,1,25,18,30,0,0,0,0,0,
28720,1715,16.6982,60.0112,40.3977,-43.1758,40.3977,-43.1758,1,25,18,30,0,0,0,0,0,
28937,1728,16.9188,60.0112,43.7815,-43.1758,43.7815,-43.1758,1,25,18,30,0,0,0,0,0,
29154,1741,16.8405,60.0112,50.4129,-43.1758,50.4129,-43.1758,1,25,18,30,0,0,0,0,0,
29370,1754,16.3239,60.0112,50.4129,-43.1758,50.4129,-43.1758,1,25,18,30,0,0,0,0,0,
29587,1767,16.7935,60.0432,50.4129,-43.1758,50.4129,-43.1758,1,25,18,30,0,0,0,0,0,
29803,1780,16.6042,60.0432,50.4129,-43.1758,50.4129,-43.1758,1,25,18,30,0,0,0,0,0,
30003,1792,16.6531,60.0432,50.4129,-43.1758,50.4129,-43.1758,1,25,18,30,0,0,0,0,0,
30219,1805,16.5139,60.0432,50.4129,-73.0977,50.4129,-73.0977,1,25,18,30,0,0,0,0,0,
30436,1818,16.9545,60.0432,50.4129,-73.0977,50.4129,-73.0977,1,25,18,30,0,0,0,0,0,
30653,1831,16.6302,60.0137,50.4129,-73.0977,50.4129,-73.0977,1,25,18,30,0,0,0,0,0,
30869,1844,16.6936,60.0137,50.4129,-73.0977,50.4129,-73.0977,1,25,18,30,0,0,0,0,0,
31069,1856,16.7903,60.0137,27.0441,-73.0977,27.0441,-73.0977,1,25,18,30,0,0,0,0,0,
31286,1869,16.662,60.0137,27.0441,-73.0977,27.0441,-73.0977,1,25,18,30,0,0,0,0,0,
31486,1881,16.7368,60.0218,27.0441,-73.0977,27.0441,-73.0977,1,25,18,30,0,0,0,0,0,
31702,1894,16.4105,60.0218,27.0441,-73.0977,27.0441,-73.0977,1,25,18,30,0,0,0,0,0,
31902,1906,16.5649,60.0218,27.0441,-73.0977,27.0441,-73.0977,1,25,18,30,0,0,0,0,0,
32102,1918,16.6117,60.0218,27.0441,-73.0977,27.0441,-73.0977,1,25,18,30,0,0,0,0,0,
32302,1930,16.7257,60.0218,27.0441,-73.0977,27.0441,-73.0977,1,25,18,30,0,0,0,0,0,
32531,1943,28.5276,60.0357,27.0441,-73.0977,27.0441,-73.0977,1,25,18,30,0,0,0,0,0,
32735,1956,16.7526,60.0357,27.0441,-73.0977,27.0441,-73.0977,1,25,18,30,0,0,0,0,0,
32952,1969,16.5147,60.0357,43.7001,-73.0977,43.7001,-73.0977,1,25,18,30,0,0,0,0,0,
33168,1982,16.8004,60.0357,43.7001,-73.0977,43.7001,-73.0977,1,25,18,30,0,0,0,0,0,
33385,1995,16.8629,60.0357,43.7001,-73.0977,43.7001,-73.0977,1,25,18,30,0,0,0,0,0,
33601,2008,16.7408,60.028,43.7001,-73.0977,43.7001,-73.0977,1,25,18,30,0,0,0,0,0,
33801,2020,16.8169,60.028,43.7001,-73.0977,43.7001,-73.0977,1,25,18,30,0,0,0,0,0,
34018,2033,16.7458,60.028,43.7001,-83.1639,43.7001,-83.1639,1,25,18,30,0,0,0,0,0,
34234,2046,16.5026,60.028,43.7001,-89.7571,43.7001,-89.7571,1,25,18,30,0,0,0,0,0,
34451,2059,16.8,60.028,43.7001,-116.441,43.7001,-116.441,1,25,18,30,0,0,0,0,0,
34667,2072,16.5503,60.0229,43.7001,-136.5,43.7001,-136.5,1,25,18,30,0,0,0,0,0,
34867,2084,16.3618,60.0229,43.7001,-149.819,43.7001,-149.819,1,25,18,30,0,0,0,0,0,
35084,2097,16.6616,60.0229,43.7001,-166.534,43.7001,-166.534,1,25,18,30,0,0,0,0,0,
35301,2110,16.9715,60.0229,43.7001,-186.541,43.7001,-186.541,1,25,18,30,0,0,0,0,0,
35517,2123,16.7341,60.0229,43.7001,-186.541,43.7001,-186.541,1,25,18,30,0,0,0,0,0,
35733,2136,16.5251,60.0312,76.8194,-186.541,76.8194,-186.541,1,25,18,30,0,0,0,0,0,
35934,2148,16.8197,60.0312,76.8194,-186.541,76.8194,-186.541,1,25,18,30,0,0,0,0,0,
36134,2160,16.8533,60.0312,76.8194,-186.541,76.8194,-186.541,1,25,18,30,0,0,0,0,0,
36350,2173,16.5956,60.0312,76.8194,-213.124,76.8194,-213.124,1,25,18,30,0,0,0,0,0,
36550,2185,16.507,60.0265,76.8194,-223.216,76.8194,-223.216,1,25,18,30,0,0,0,0,0,
36766,2198,16.651,60.0265,76.8194,-236.288,76.8194,-236.288,1,25,18,30,0,0,0,0,0,
36966,2210,16.4935,60.0265,76.8194,-256.325,76.8194,-256.325,1,25,18,30,0,0,0,0,0,
37183,2223,16.5859,60.0265,76.8194,-256.325,76.8194,-256.325,1,25,18,30,0,0,0,0,0,
37383,2235,16.8591,60.0265,76.8194,-256.325,76.8194,-256.325,1,25,18,30,0,0,0,0,0,
37604,2248,21.5301,60.0963,76.8194,-256.325,76.8194,-256.325,1,25,18,30,0,0,0,0,0,
37816,2261,16.5077,60.0963,76.8194,-256.325,76.8194,-256.325,1,25,18,30,0,0,0,0,0,
38032,2274,16.7538,60.0963,76.8194,-256.325,76.8194,-256.325,1,25,18,30,0,0,0,0,0,
38249,2287,16.6999,60.0963,76.8194,-256.325,76.8194,-256.325,1,25,18,30,0,0,0,0,0,
38449,2299,16.9767,60.0963,76.8194,-256.325,76.8194,-256.325,1,25,18,30,0,0,0,0,0,
38665,2312,16.6459,59.964,76.8194,-256.325,76.8194,-256.325,1,25,18,30,0,0,0,0,0,
38865,2324,16.84,59.964,90.227,-256.325,90.227,-256.325,1,25,18,30,0,0,0,0,0,
39066,2336,16.8421,59.964,90.227,-256.325,90.227,-256.325,1,25,18,30,0,0,0,0,0,
39282,2349,16.6349,59.964,76.8555,-256.325,76.8555,-256.325,1,25,18,30,0,0,0,0,0,
39499,2362,16.7502,59.964,70.1511,-256.325,70.1511,-256.325,1,25,18,30,0,0,0,0,0,
39715,2375,16.4761,60.0278,70.1511,-256.325,70.1511,-256.325,1,25,18,30,0,0,0,0,0,
39915,2387,16.4719,60.0278,70.1511,-256.325,70.1511,-256.325,1,25,18,30,0,0,0,0,0,
40131,2400,16.6369,60.0278,70.1511,-256.325,70.1511,-256.325,1,25,18,30,0,0,0,0,0,
40331,2412,16.1407,60.0278,70.1511,-256.325,70.1511,-256.325,1,25,18,30,0,0,0,0,0,
40548,2425,16.6625,60.0278,70.1511,-256.325,70.1511,-256.325,1,25,18,30,0,0,0,0,0,
40765,2438,17.5393,60.0434,70.1511,-256.325,70.1511,-256.325,1,25,18,30,0,0,0,0,0,
40980,2451,16.6419,60.0434,70.1511,-256.325,70.1511,-256.325,1,25,18,30,0,0,0,0,0,
41181,2463,16.8261,60.0434,86.9541,-256.325,86.9541,-256.325,1,25,18,30,0,0,0,0,0,
41398,2476,16.8306,60.0434,86.9541,-256.325,86.9541,-256.325,1,25,18,30,0,0,0,0,0,
41614,2489,16.2218,60.0378,86.9541,-256.325,86.9541,-256.325,1,25,18,30,0,0,0,0,0,
41814,2501,16.6993,60.0378,86.9541,-256.325,86.9541,-256.325,1,25,18,30,0,0,0,0,0,
42031,2514,16.6148,60.0378,86.9541,-256.325,86.9541,-256.325,1,25,18,30,0,0,0,0,0,
42247,2527,16.4966,60.0378,86.9541,-256.325,86.9541,-256.325,1,25,18,30,0,0,0,0,0,
42464,2540,16.7492,60.0378,103.597,-256.325,103.597,-256.325,1,25,18,30,0,0,0,0,0,
42677,2552,29.5344,60.0104,103.597,-256.325,103.597,-256.325,1,25,18,30,0,0,0,0,0,
42880,2565,16.6259,60.0104,90.2835,-256.325,90.2835,-256.325,1,25,18,30,0,0,0,0,0,
43097,2578,16.6611,60.0104,80.265,-256.325,80.265,-256.325,1,25,18,30,0,0,0,0,0,
43314,2591,17.1842,60.0104,80.265,-256.325,80.265,-256.325,1,25,18,30,0,0,0,0,0,
43530,2604,16.5991,60.0104,80.265,-256.325,80.265,-256.325,1,25,18,30,0,0,0,0,0,
43746,2617,16.8368,60.0313,80.265,-256.325,80.265,-256.325,1,25,18,30,0,0,0,0,0,
43946,2629,16.2311,60.0313,80.265,-256.325,80.265,-256.325,1,25,18,30,0,0,0,0,0,
44146,2641,16.8948,60.0313,80.265,-256.325,80.265,-256.325,1,25,18,30,0,0,0,0,0,
44363,2654,16.6077,60.0313,80.265,-256.325,80.265,-256.325,1,25,18,30,0,0,0,0,0,
44579,2667,16.4098,60.0313,80.265,-256.325,80.265,-256.325,1,25,18,30,0,0,0,0,0,
44796,2680,16.7822,60.0375,80.265,-256.325,80.265,-256.325,1,25,18,30,0,0,0,0,0,
44996,2692,16.9346,60.0375,80.265,-256.325,80.265,-256.325,1,25,18,30,0,0,0,0,0,
45213,2705,16.6322,60.0375,80.265,-256.325,80.265,-256.325,1,25,18,30,0,0,0,0,0,
45429,2718,16.8988,60.0375,80.265,-256.325,80.265,-256.325,1,25,18,30,0,0,0,0,0,
45629,2730,17.0133,60.0375,80.265,-256.325,80.265,-256.325,1,25,18,30,0,0,0,0,0,
45846,2743,16.747,60.0098,80.265,-256.325,80.265,-256.325,1,25,18,30,0,0,0,0,0,
46062,2756,16.625,60.0098,80.265,-256.325,80.265,-256.325,1,25,18,30,0,0,0,0,0,
46278,2769,16.4835,60.0098,80.265,-256.325,80.265,-256.325,1,25,18,30,0,0,0,0,0,
46479,2781,16.6728,60.0098,80.265,-256.325,80.265,-256.325,1,25,18,30,0,0,0,0,0,
46695,2794,16.4369,60.0454,80.265,-256.325,80.265,-256.325,1,25,18,30,0,0,0,0,0,
46911,2807,16.4732,60.0454,80.265,-256.325,80.265,-256.325,1,25,18,30,0,0,0,0,0,
47111,2819,16.6721,60.0454,80.265,-256.325,80.265,-256.325,1,25,18,30,0,0,0,0,0,
47311,2831,16.7702,60.0454,80.265,-256.325,80.265,-256.325,1,25,18,30,0,0,0,0,0,
47528,2844,16.5307,60.0454,80.265,-256.325,80.265,-256.325,1,25,18,30,0,0,0,0,0,
47756,2857,28.5874,60.0363,80.265,-256.325,80.265,-256.325,1,25,18,30,0,0,0,0,0,
47961,2870,16.7099,60.0363,80.265,-256.325,80.265,-256.325,1,25,18,30,0,0,0,0,0,
48161,2882,16.9861,60.0363,80.265,-256.325,80.265,-256.325,1,25,18,30,0,0,0,0,0,
48378,2895,16.6285,60.0363,80.265,-256.325,80.265,-256.325,1,25,18,30,0,0,0,0,0,
48578,2907,16.6625,60.0363,80.265,-256.325,80.265,-256.325,1,25,18,30,0,0,0,0,0,
48779,2919,7.43618,60.0102,80.265,-256.325,80.265,-256.325,1,25,18,30,0,0,0,0,0,
48994,2932,17.555,60.0102,80.265,-256.325,80.265,-256.325,1,25,18,30,0,0,0,0,0,
49211,2945,16.5958,60.0102,80.265,-256.325,80.265,-256.325,1,25,18,30,0,0,0,0,0,
49426,2958,16.5927,60.0102,80.265,-256.325,80.265,-256.325,1,25,18,30,0,0,0,0,0,
49627,2970,16.9434,60.0102,80.265,-256.325,80.265,-256.325,1,25,18,30,0,0,0,0,0,
49844,2983,17.5653,60.0459,80.265,-256.325,80.265,-256.325,1,25,18,30,0,0,0,0,0,
50060,2996,16.4044,60.0459,80.265,-256.325,80.265,-256.325,1,25,18,30,0,0,0,0,0,
50277,3009,16.7952,60.0459,80.265,-256.325,80.265,-256.325,1,25,18,30,0,0,0,0,0,
50477,3021,16.9763,60.0459,80.265,-256.325,80.265,-256.325,1,25,18,30,0,0,0,0,0,
50693,3034,16.5473,60.0459,80.265,-256.325,80.265,-256.325,1,25,18,30,0,0,0,0,0,
50910,3047,16.884,60.0611,80.265,-256.325,80.265,-256.325,1,25,18,30,0,0,0,0,0,
51126,3060,16.8822,60.0611,80.265,-256.325,80.265,-256.325,1,25,18,30,0,0,0,0,0,
51326,3072,15.0531,60.0611,80.265,-256.325,80.265,-256.325,1,25,18,30,0,0,0,0,0,
51543,3085,17.1903,60.0611,80.265,-256.325,80.265,-256.325,1,25,18,30,0,0,0,0,0,
51761,3098,18.5089,59.879,80.265,-256.325,80.265,-256.325,1,25,18,30,0,0,0,0,0,
51961,3110,19.0967,59.879,80.265,-256.325,80.265,-256.325,1,25,18,30,0,0,0,0,0,
52175,3123,16.7213,59.879,80.265,-256.325,80.265,-256.325,1,25,18,30,0,0,0,0,0,
52391,3136,16.4851,59.879,80.265,-256.325,80.265,-256.325,1,25,18,30,0,0,0,0,0,
52593,3148,17.4249,59.879,80.265,-256.325,80.265,-256.325,1,25,18,30,0,0,0,0,0,
52808,3161,15.2783,59.7529,80.265,-256.325,80.265,-256.325,1,25,18,30,0,0,0,0,0,
53008,3173,16.7512,59.7529,80.265,-256.325,80.265,-256.325,1,25,18,30,0,0,0,0,0,
53209,3185,16.8968,59.7529,80.265,-256.325,80.265,-256.325,1,25,18,30,0,0,0,0,0,
53425,3198,16.2293,59.7529,80.265,-256.325,80.265,-256.325,1,25,18,30,0,0,0,0,0,
0,0,0.040583,0,500,0,500,0,1,25,18,18,18,18,0,0,0,chunk_loads
258,1,100,0,500,0,500,0,1,25,18,18,0,0,0,0,0,
467,22,16.8439,0,500,0,500,0,1,25,18,18,0,0,0,0,0,
684,35,16.8074,0,500,0,500,0,1,25,18,18,0,0,0,0,0,
900,48,16.7809,0,500,0,500,0,1,25,18,18,0,0,0,0,0,
1116,61,16.5114,54.9672,500,0,500,0,1,25,18,18,0,0,0,0,0,
1317,73,16.7923,54.9672,500,0,500,0,1,25,18,18,0,0,0,0,0,
1533,86,16.6031,54.9672,500,0,500,0,1,25,18,18,0,0,0,0,0,
1750,99,16.7303,54.9672,500,0,500,0,1,25,18,18,0,0,0,0,0,
1966,112,16.0846,54.9672,500,0,500,0,1,25,18,18,0,0,0,0,0,
2166,124,16.5291,60.0669,500,0,500,0,1,25,18,18,0,0,0,0,0,
2383,137,16.896,60.0669,500,0,500,0,1,25,18,18,0,0,0,0,0,
2599,150,16.6925,60.0669,500,0,500,0,1,25,18,18,0,0,0,0,0,
2816,163,16.7198,60.0669,500,0,500,0,1,25,18,18,0,0,0,0,0,
3033,176,16.9097,59.9894,500,0,500,0,1,25,18,18,0,0,0,0,0,
3249,189,16.6729,59.9894,500,0,500,0,1,25,18,18,0,0,0,0,0,
3466,202,16.5731,59.9894,500,0,500,0,1,25,18,18,0,0,0,0,0,
3666,214,16.7541,59.9894,500,0,500,0,1,25,18,18,0,0,0,0,0,
3882,227,16.6102,59.9894,500,0,500,0,1,25,18,18,0,0,0,0,0,
4083,239,7.10586,60.017,500,0,500,0,1,25,18,18,0,0,0,0,0,
4298,252,16.5419,60.017,500,0,500,0,1,25,18,18,0,0,0,0,0,
4515,265,16.665,60.017,500,0,500,0,1,25,18,18,0,0,0,0,0,
4715,277,16.6448,60.017,500,0,500,0,1,25,18,18,0,0,0,0,0,
4932,290,16.6241,60.017,483.439,0,500,0,1,25,18,18,0,0,0,0,0,
5147,303,16.6583,60.0243,456.951,0,500,0,1,25,18,18,0,0,0,0,0,
5348,315,17.0972,60.0243,416.835,0,471.11,0,1,25,18,18,0,0,0,0,0,
5565,328,16.5976,60.0243,373.522,0,432.929,0,1,25,18,18,0,0,0,0,0,
5765,340,17.2724,60.0243,333.353,0,395.293,0,1,25,18,18,0,0,0,0,0,
5981,353,16.7328,60.0243,290.237,0,353.644,0,1,25,18,18,0,0,0,0,0,
6198,366,17.0351,60.0441,246.89,0,311.002,0,1,25,18,18,0,0,0,0,0,
6414,379,16.5277,60.0441,203.643,0,268.187,0,1,25,18,18,0,0,0,0,0,
6631,392,17.2365,60.0441,160.225,0,224.992,0,1,25,18,18,0,0,0,0,0,
6847,405,16.8839,60.0441,116.969,0,181.855,0,1,25,18,18,0,0,0,0,0,
7048,417,16.7365,60.0441,76.9415,0,141.884,0,1,25,18,18,0,0,0,0,0,
7264,430,16.4721,60.0159,33.6852,0,98.598,0,1,25,18,18,0,0,0,0,0,
7481,443,16.7938,60.0159,-9.66932,0,55.2912,0,1,25,18,18,0,0,0,0,0,
7697,456,16.6111,60.0159,-52.9145,0,12.0729,0,1,25,18,18,0,0,0,0,0,
7764,460,17.1562,60.0159,-66.3673,0,-1.37793,0,1,25,18,24,6,6,0,0,0,chunk_loads
7913,469,16.939,60.0159,-95.1067,0,-31.8544,0,1,25,18,24,0,0,0,0,0,
8113,481,16.8684,60.0499,-135.226,0,-71.1794,0,1,25,18,24,0,0,0,0,0,
8330,494,16.7594,60.0499,-178.533,0,-114.064,0,1,25,18,24,0,0,0,0,0,
8546,507,16.4058,60.0499,-221.795,0,-157.064,0,1,25,18,24,0,0,0,0,0,
8763,520,16.8996,60.0499,-265.163,0,-200.298,0,1,25,18,24,0,0,0,0,0,
8980,533,16.6351,60.0499,-308.454,0,-243.517,0,1,25,18,24,0,0,0,0,0,
9195,546,16.7904,60.0279,-351.609,0,-286.735,0,1,25,18,24,0,0,0,0,0,
9396,558,16.5809,60.0279,-391.748,0,-326.812,0,1,25,18,24,0,0,0,0,0,
9613,571,16.7733,60.0279,-435.065,0,-370.092,0,1,25,18,24,0,0,0,0,0,
9813,583,16.584,60.0279,-474.08,-2.34533,-410.013,-0.113829,1,25,18,30,6,6,0,0,0,chunk_loads
9916,584,100,60.0279,-474.08,-22.3453,-426.618,-5.87583,1,25,18,30,0,0,0,0,0,
10129,602,16.6893,60.0206,-474.08,-64.8846,-447.716,-24.3371,1,25,18,30,0,0,0,0,0,
10346,615,16.7069,60.0206,-474.08,-108.182,-460.31,-55.9868,1,25,18,30,0,0,0,0,0,
10562,628,16.5893,60.0206,-474.08,-151.49,-466.889,-93.17,1,25,18,30,0,0,0,0,0,
10779,641,16.6133,60.0206,-474.08,-194.787,-470.324,-133.269,1,25,18,30,0,0,0,0,0,
10996,654,17.0149,60.0206,-474.08,-238.188,-472.121,-174.999,1,25,18,30,0,0,0,0,0,
11211,667,15.8974,60.0158,-474.08,-281.258,-473.053,-217.264,1,25,18,30,0,0,0,0,0,
11412,679,16.5847,60.0158,-474.08,-321.451,-473.518,-256.999,1,25,18,30,0,0,0,0,0,
11612,691,17.1303,60.0158,-474.08,-361.503,-473.772,-296.798,1,25,18,30,0,0,0,0,0,
11828,704,16.4174,60.0158,-474.08,-404.71,-473.919,-339.856,1,25,18,30,0,0,0,0,0,
12029,716,16.9286,60.0158,-484.058,-414.773,-474.139,-369.029,1,25,18,30,0,0,0,0,0,
12244,729,16.8681,60.0743,-520.728,-414.773,-484.795,-383.49,1,25,18,30,0,0,0,0,0,
12445,741,16.4712,60.0743,-520.728,-408.21,-484.795,-383.49,1,25,18,30,0,0,0,0,0,
12645,753,16.7915,60.0743,-520.728,-368.149,-484.795,-383.49,1,25,18,30,0,0,0,0,0,
12861,766,16.6917,60.0743,-520.728,-324.871,-497.798,-366.695,1,25,18,30,0,0,0,0,0,
13078,779,16.5244,60.0743,-520.728,-281.612,-508.744,-334.507,1,25,18,30,0,0,0,0,0,
13294,792,16.958,59.9926,-520.728,-238.325,-514.468,-296.908,1,25,18,30,0,0,0,0,0,
13494,804,16.7632,59.9926,-520.728,-198.291,-517.294,-259.777,1,25,18,30,0,0,0,0,0,
13711,817,17.1207,59.9926,-510.668,-188.307,-518.54,-234.178,1,25,18,30,0,0,0,0,0,
13927,830,16.4934,59.9926,-467.46,-188.307,-505.411,-217.6,1,25,18,30,0,0,0,0,0,
14144,843,16.8719,59.9926,-424.093,-188.307,-474.985,-203.592,1,25,18,30,0,0,0,0,0,
14360,856,16.6602,60.0436,-394.195,-188.307,-439.959,-196.292,1,25,18,30,0,0,0,0,0,
14561,868,16.86,60.0436,-394.195,-164.985,-431.643,-191.903,1,25,18,30,0,0,0,0,0,
14776,881,16.2931,60.0436,-394.195,-121.924,-414.809,-167.858,1,25,18,30,0,0,0,0,0,
14977,893,16.7989,60.0436,-394.195,-81.7584,-405.48,-136.325,1,25,18,30,0,0,0,0,0,
15177,905,16.9709,60.0436,-394.195,-41.7389,-400.387,-101.02,1,25,18,30,0,0,0,0,0,
15393,918,16.3343,60.0114,-394.195,1.50191,-397.432,-60.4567,1,25,18,30,0,0,0,0,0,
15609,931,16.5976,60.0114,-394.195,44.6734,-395.889,-18.7452,1,25,18,30,0,0,0,0,0,
15810,943,16.6637,60.0114,-394.195,84.8081,-395.123,20.6706,1,25,18,30,0,0,0,0,0,
16026,956,16.7436,60.0114,-368.495,103.836,-389.765,59.1385,1,25,18,30,0,0,0,0,0,
16226,968,16.9401,60.0353,-328.473,103.836,-369.486,79.3137,1,25,18,30,0,0,0,0,0,
16443,981,16.4064,60.0353,-298.509,103.836,-343.448,89.6663,1,25,18,30,0,0,0,0,0,
16659,994,16.9522,60.0353,-298.509,103.836,-343.448,89.6663,1,25,18,30,0,0,0,0,0,
16876,1007,16.6593,60.0353,-298.509,103.836,-343.448,89.6663,1,25,18,30,0,0,0,0,0,
17092,1020,16.6813,60.0353,-298.509,103.836,-343.448,89.6663,1,25,18,30,0,0,0,0,0,
17308,1033,17.1706,60.0203,-298.509,103.836,-343.448,89.6663,1,25,18,30,0,0,0,0,0,
17509,1045,16.6334,60.0203,-298.509,103.836,-298.509,103.836,1,25,18,30,0,0,0,0,0,
17725,1058,16.5823,60.0203,-298.509,103.836,-298.509,103.836,1,25,18,30,0,0,0,0,0,
17942,1071,16.9812,60.0203,-298.509,103.836,-298.509,103.836,1,25,18,30,0,0,0,0,0,
18158,1084,16.7133,60.0203,-298.509,103.836,-298.509,103.836,1,25,18,30,0,0,0,0,0,
18359,1096,17.5744,60.0378,-298.509,103.836,-298.509,103.836,1,25,18,30,0,0,0,0,0,
18575,1109,16.4437,60.0378,-288.541,103.836,-288.541,103.836,1,25,18,30,0,0,0,0,0,
18775,1121,16.5499,60.0378,-248.54,103.836,-248.54,103.836,1,25,18,30,0,0,0,0,0,
18991,1134,16.781,60.0378,-205.236,103.836,-205.236,103.836,1,25,18,30,0,0,0,0,0,
19208,1147,16.6738,60.0378,-161.919,103.836,-161.919,103.836,1,25,18,30,0,0,0,0,0,
19425,1160,16.5964,60.0332,-118.613,103.836,-118.613,103.836,1,25,18,30,0,0,0,0,0,
19641,1173,16.743,60.0332,-75.3009,103.836,-75.3009,103.836,1,25,18,30,0,0,0,0,0,
19858,1186,16.8114,60.0332,-31.9654,103.836,-31.9654,103.836,1,25,18,30,0,0,0,0,0,
20074,1199,16.7235,60.0332,11.3315,103.836,11.3315,103.836,1,25,18,30,0,0,0,0,0,
20291,1212,16.7576,60.0317,54.6387,103.836,54.6387,103.836,1,25,18,30,0,0,0,0,0,
20508,1225,16.876,60.0317,97.9881,103.836,97.9881,103.836,1,25,18,30,0,0,0,0,0,
20724,1238,16.2996,60.0317,141.245,103.836,141.245,103.836,1,25,18,30,0,0,0,0,0,
20941,1251,16.7183,60.0317,147.945,103.836,147.945,103.836,1,25,18,30,0,0,0,0,0,
21157,1264,16.5757,60.0317,147.945,103.836,147.945,103.836,1,25,18,30,0,0,0,0,0,
21373,1277,17.1796,60.028,147.945,103.836,147.945,103.836,1,25,18,30,0,0,0,0,0,
21574,1289,16.8094,60.028,147.945,103.836,147.945,103.836,1,25,18,30,0,0,0,0,0,
21790,1302,16.4826,60.028,121.285,103.836,121.285,103.836,1,25,18,30,0,0,0,0,0,
22007,1315,17.2298,60.028,114.582,103.836,114.582,103.836,1,25,18,30,0,0,0,0,0,
22207,1327,16.7351,60.028,114.582,70.5436,114.582,70.5436,1,25,18,30,0,0,0,0,0,
22423,1340,16.6446,59.9985,114.582,27.4618,114.582,27.4618,1,25,18,30,0,0,0,0,0,
22573,1349,16.4776,59.9985,114.582,-2.6232,114.582,-2.6232,1,25,18,32,2,2,0,0,0,chunk_loads
22631,1350,57.5944,59.9985,114.582,-14.1421,114.582,-14.1421,1,25,18,32,0,0,0,0,0,
22840,1365,16.7549,59.9985,114.582,-55.9792,114.582,-55.9792,1,25,18,32,0,0,0,0,0,
23056,1378,17.319,59.9985,114.582,-99.2445,114.582,-99.2445,1,25,18,32,0,0,0,0,0,
23256,1390,16.716,59.9985,114.582,-139.317,114.582,-139.317,1,25,18,32,0,0,0,0,0,
23473,1403,16.3455,60.0355,114.582,-182.545,114.582,-182.545,1,25,18,32,0,0,0,0,0,
23673,1415,16.7608,60.0355,114.582,-222.59,114.582,-222.59,1,25,18,32,0,0,0,0,0,
23873,1427,16.7703,60.0355,114.582,-242.494,114.582,-242.494,1,25,18,32,0,0,0,0,0,
24073,1439,16.8537,60.0355,114.582,-242.494,114.582,-242.494,1,25,18,32,0,0,0,0,0,
24289,1452,16.5583,60.0355,114.582,-242.494,114.582,-242.494,1,25,18,32,0,0,0,0,0,
24489,1464,16.4719,60.0189,84.7016,-242.494,84.7016,-242.494,1,25,18,32,0,0,0,0,0,
24705,1477,16.6282,60.0189,81.2753,-242.494,81.2753,-242.494,1,25,18,32,0,0,0,0,0,
24906,1489,16.472,60.0189,81.2753,-242.494,81.2753,-242.494,1,25,18,32,0,0,0,0,0,
25106,1501,17.328,60.0189,81.2753,-242.494,81.2753,-242.494,1,25,18,32,0,0,0,0,0,
25322,1514,17.054,60.0189,81.2753,-242.494,81.2753,-242.494,1,25,18,32,0,0,0,0,0,
25538,1527,16.5752,60.0228,81.2753,-242.494,81.2753,-242.494,1,25,18,32,0,0,0,0,0,
25738,1539,16.6864,60.0228,61.3023,-242.494,61.3023,-242.494,1,25,18,32,0,0,0,0,0,
25939,1551,16.3257,60.0228,61.3023,-242.494,61.3023,-242.494,1,25,18,32,0,0,0,0,0,
26139,1563,16.5949,60.0228,61.3023,-242.494,61.3023,-242.494,1,25,18,32,0,0,0,0,0,
26339,1575,16.6264,60.0228,61.3023,-242.494,61.3023,-242.494,1,25,18,32,0,0,0,0,0,
26555,1588,16.4726,60.0136,61.3023,-242.494,61.3023,-242.494,1,25,18,32,0,0,0,0,0,
26771,1601,16.2858,60.0136,84.6904,-242.494,84.6904,-242.494,1,25,18,32,0,0,0,0,0,
26972,1613,17.3728,60.0136,84.6904,-242.494,84.6904,-242.494,1,25,18,32,0,0,0,0,0,
27188,1626,16.6386,60.0136,84.6904,-242.494,84.6904,-242.494,1,25,18,32,0,0,0,0,0,
27388,1638,17.2407,60.062,84.6904,-242.494,84.6904,-242.494,1,25,18,32,0,0,0,0,0,
27604,1651,17.0616,60.062,84.6904,-242.494,84.6904,-242.494,1,25,18,32,0,0,0,0,0,
27821,1664,16.5393,60.062,71.3781,-242.494,71.3781,-242.494,1,25,18,32,0,0,0,0,0,
28021,1676,16.5902,60.062,64.692,-242.494,64.692,-242.494,1,25,18,32,0,0,0,0,0,
28221,1688,16.8037,60.062,64.692,-242.494,64.692,-242.494,1,25,18,32,0,0,0,0,0,
28436,1700,31.3709,59.9958,48.3109,-242.494,48.3109,-242.494,1,25,18,32,0,0,0,0,0,
28637,1713,16.6744,59.9958,44.7008,-242.494,44.7008,-242.494,1,25,18,32,0,0,0,0,0,
28854,1726,16.5689,59.9958,58.0308,-242.494,58.0308,-242.494,1,25,18,32,0,0,0,0,0,
29054,1738,16.5348,59.9958,64.7022,-242.494,64.7022,-242.494,1,25,18,32,0,0,0,0,0,
29254,1750,16.882,59.9958,64.7022,-242.494,64.7022,-242.494,1,25,18,32,0,0,0,0,0,
29454,1761,33.3152,60.0431,81.3829,-242.494,81.3829,-242.494,1,25,18,32,0,0,0,0,0,
29669,1775,16.2418,60.0431,81.3829,-242.494,81.3829,-242.494,1,25,18,32,0,0,0,0,0,
29870,1787,16.7723,60.0431,81.3829,-242.494,81.3829,-242.494,1,25,18,32,0,0,0,0,0,
30070,1799,17.1473,60.0431,81.3829,-242.494,81.3829,-242.494,1,25,18,32,0,0,0,0,0,
30287,1812,16.692,60.0431,81.3829,-242.494,81.3829,-242.494,1,25,18,32,0,0,0,0,0,
30490,1824,19.0687,60.0467,81.3829,-242.494,81.3829,-242.494,1,25,18,32,0,0,0,0,0,
30702,1837,16.7668,60.0467,81.3829,-242.494,81.3829,-242.494,1,25,18,32,0,0,0,0,0,
30919,1850,16.7456,60.0467,81.3829,-255.738,81.3829,-255.738,1,25,18,32,0,0,0,0,0,
31135,1863,16.2695,60.0467,81.3829,-255.738,81.3829,-255.738,1,25,18,32,0,0,0,0,0,
31336,1875,16.7303,60.0467,81.3829,-255.738,81.3829,-255.738,1,25,18,32,0,0,0,0,0,
31552,1888,16.3629,60.0071,81.3829,-255.738,81.3829,-255.738,1,25,18,32,0,0,0,0,0,
31753,1900,17.2864,60.0071,81.3829,-255.738,81.3829,-255.738,1,25,18,32,0,0,0,0,0,
31969,1913,16.7276,60.0071,81.3829,-265.803,81.3829,-265.803,1,25,18,32,0,0,0,0,0,
32186,1926,16.5773,60.0071,81.3829,-272.5,81.3829,-272.5,1,25,18,32,0,0,0,0,0,
32386,1938,16.1579,60.0071,81.3829,-272.5,81.3829,-272.5,1,25,18,32,0,0,0,0,0,
32602,1951,16.8089,60.0211,81.3829,-272.5,81.3829,-272.5,1,25,18,32,0,0,0,0,0,
32818,1964,16.6653,60.0211,81.3829,-272.5,81.3829,-272.5,1,25,18,32,0,0,0,0,0,
33019,1976,16.7091,60.0211,81.3829,-272.5,81.3829,-272.5,1,25,18,32,0,0,0,0,0,
33219,1988,17.1952,60.0211,81.3829,-272.5,81.3829,-272.5,1,25,18,32,0,0,0,0,0,
33435,2001,16.1568,60.0211,81.3829,-272.5,81.3829,-272.5,1,25,18,32,0,0,0,0,0,
33635,2013,17.1183,60.0377,81.3829,-272.5,81.3829,-272.5,1,25,18,32,0,0,0,0,0,
33851,2026,16.9631,60.0377,81.3829,-272.5,81.3829,-272.5,1,25,18,32,0,0,0,0,0,
34068,2039,16.4162,60.0377,81.3829,-272.5,81.3829,-272.5,1,25,18,32,0,0,0,0,0,
34268,2051,15.9931,60.0377,81.3829,-272.5,81.3829,-272.5,1,25,18,32,0,0,0,0,0,
34484,2064,16.6223,60.0408,81.3829,-272.5,81.3829,-272.5,1,25,18,32,0,0,0,0,0,
34701,2077,17.0243,60.0408,81.3829,-272.5,81.3829,-272.5,1,25,18,32,0,0,0,0,0,
34917,2090,16.5908,60.0408,81.3829,-272.5,81.3829,-272.5,1,25,18,32,0,0,0,0,0,
35118,2102,16.8138,60.0408,81.3829,-272.5,81.3829,-272.5,1,25,18,32,0,0,0,0,0,
35334,2115,16.91,60.0408,81.3829,-272.5,81.3829,-272.5,1,25,18,32,0,0,0,0,0,
35554,2128,20.1197,60.0282,81.3829,-272.5,81.3829,-272.5,1,25,18,32,0,0,0,0,0,
35767,2141,16.4022,60.0282,81.3829,-272.5,81.3829,-272.5,1,25,18,32,0,0,0,0,0,
35983,2154,16.7393,60.0282,81.3829,-272.5,81.3829,-272.5,1,25,18,32,0,0,0,0,0,
36200,2167,17.2069,60.0282,81.3829,-272.5,81.3829,-272.5,1,25,18,32,0,0,0,0,0,
36417,2180,16.9045,60.0282,81.3829,-272.5,81.3829,-272.5,1,25,18,32,0,0,0,0,0,
36617,2192,17.0822,60.0193,81.3829,-272.5,81.3829,-272.5,1,25,18,32,0,0,0,0,0,
36833,2205,16.4214,60.0193,81.3829,-272.5,81.3829,-272.5,1,25,18,32,0,0,0,0,0,
37033,2217,16.5691,60.0193,81.3829,-272.5,81.3829,-272.5,1,25,18,32,0,0,0,0,0,
37233,2229,16.577,60.0193,81.3829,-272.5,81.3829,-272.5,1,25,18,32,0,0,0,0,0,
37450,2242,16.4767,60.0193,81.3829,-272.5,81.3829,-272.5,1,25,18,32,0,0,0,0,0,
37666,2255,16.4786,60.0054,81.3829,-272.5,81.3829,-272.5,1,25,18,32,0,0,0,0,0,
37882,2268,16.5365,60.0054,81.3829,-272.5,81.3829,-272.5,1,25,18,32,0,0,0,0,0,
38083,2280,17.4118,60.0054,81.3829,-272.5,81.3829,-272.5,1,25,18,32,0,0,0,0,0,
38299,2293,16.3171,60.0054,81.3829,-272.5,81.3829,-272.5,1,25,18,32,0,0,0,0,0,
38516,2306,17.0022,60.0054,81.3829,-272.5,81.3829,-272.5,1,25,18,32,0,0,0,0,0,
38732,2319,17.1127,60.0668,81.3829,-272.5,81.3829,-272.5,1,25,18,32,0,0,0,0,0,
38932,2331,16.7058,60.0668,81.3829,-272.5,81.3829,-272.5,1,25,18,32,0,0,0,0,0,
39132,2343,16.7338,60.0668,81.3829,-272.5,81.3829,-272.5,1,25,18,32,0,0,0,0,0,
39349,2356,16.807,60.0668,81.3829,-272.5,81.3829,-272.5,1,25,18,32,0,0,0,0,0,
39565,2369,16.3015,60.0287,81.3829,-272.5,81.3829,-272.5,1,25,18,32,0,0,0,0,0,
39781,2382,16.1189,60.0287,81.3829,-272.5,81.3829,-272.5,1,25,18,32,0,0,0,0,0,
39982,2394,16.8292,60.0287,81.3829,-272.5,81.3829,-272.5,1,25,18,32,0,0,0,0,0,
40199,2407,17.236,60.0287,81.3829,-272.5,81.3829,-272.5,1,25,18,32,0,0,0,0,0,
40415,2420,17.081,60.0287,81.3829,-272.5,81.3829,-272.5,1,25,18,32,0,0,0,0,0,
40633,2432,34.4146,60.0244,81.3829,-272.5,81.3829,-272.5,1,25,18,32,0,0,0,0,0,
40848,2446,16.7696,60.0244,81.3829,-272.5,81.3829,-272.5,1,25,18,32,0,0,0,0,0,
41048,2458,16.8628,60.0244,81.3829,-272.5,81.3829,-272.5,1,25,18,32,0,0,0,0,0,
41248,2470,16.3065,60.0244,81.3829,-272.5,81.3829,-272.5,1,25,18,32,0,0,0,0,0,
41464,2483,16.5196,60.0244,81.3829,-272.5,81.3829,-272.5,1,25,18,32,0,0,0,0,0,
41680,2496,16.897,60.0574,81.3829,-272.5,81.3829,-272.5,1,25,18,32,0,0,0,0,0,
41881,2508,16.6154,60.0574,81.3829,-272.5,81.3829,-272.5,1,25,18,32,0,0,0,0,0,
42097,2521,16.8789,60.0574,81.3829,-272.5,81.3829,-272.5,1,25,18,32,0,0,0,0,0,
42298,2533,16.574,60.0574,81.3829,-272.5,81.3829,-272.5,1,25,18,32,0,0,0,0,0,
42514,2546,16.8542,60.0574,81.3829,-272.5,81.3829,-272.5,1,25,18,32,0,0,0,0,0,
42730,2559,16.6605,59.9821,81.3829,-272.5,81.3829,-272.5,1,25,18,32,0,0,0,0,0,
42947,2572,16.8132,59.9821,81.3829,-252.482,81.3829,-252.482,1,25,18,32,0,0,0,0,0,
43148,2584,17.5127,59.9821,81.3829,-245.799,81.3829,-245.799,1,25,18,32,0,0,0,0,0,
43363,2597,16.7713,59.9821,81.3829,-245.799,81.3829,-245.799,1,25,18,32,0,0,0,0,0,
43564,2609,16.9287,59.9821,81.3829,-245.799,81.3829,-245.799,1,25,18,32,0,0,0,0,0,
43780,2622,16.1183,60.0285,81.3829,-245.799,81.3829,-245.799,1,25,18,32,0,0,0,0,0,
43996,2635,16.8005,60.0285,81.3829,-245.799,81.3829,-245.799,1,25,18,32,0,0,0,0,0,
44213,2648,16.5145,60.0285,81.3829,-272.527,81.3829,-272.527,1,25,18,32,0,0,0,0,0,
44413,2660,16.9045,60.0285,81.3829,-272.527,81.3829,-272.527,1,25,18,32,0,0,0,0,0,
44630,2673,16.8398,60.0415,81.3829,-272.527,81.3829,-272.527,1,25,18,32,0,0,0,0,0,
44846,2686,17.1847,60.0415,81.3829,-272.527,81.3829,-272.527,1,25,18,32,0,0,0,0,0,
45062,2699,16.8668,60.0415,81.3829,-272.527,81.3829,-272.527,1,25,18,32,0,0,0,0,0,
45263,2711,16.5405,60.0415,81.3829,-259.186,81.3829,-259.186,1,25,18,32,0,0,0,0,0,
45479,2724,17.0472,60.0415,81.3829,-245.726,81.3829,-245.726,1,25,18,32,0,0,0,0,0,
45695,2736,31.4375,60.0294,81.3829,-258.791,81.3829,-258.791,1,25,18,32,0,0,0,0,0,
45895,2749,16.7319,60.0294,81.3829,-269.02,81.3829,-269.02,1,25,18,32,0,0,0,0,0,
46096,2761,17.0658,60.0294,81.3829,-269.02,81.3829,-269.02,1,25,18,32,0,0,0,0,0,
46312,2774,16.4485,60.0294,81.3829,-269.02,81.3829,-269.02,1,25,18,32,0,0,0,0,0,
46528,2787,16.414,60.0294,81.3829,-269.02,81.3829,-269.02,1,25,18,32,0,0,0,0,0,
46733,2799,19.1521,60.0194,81.3829,-269.02,81.3829,-269.02,1,25,18,32,0,0,0,0,0,
46945,2812,17.4132,60.0194,81.3829,-269.02,81.3829,-269.02,1,25,18,32,0,0,0,0,0,
47161,2825,16.3184,60.0194,81.3829,-269.02,81.3829,-269.02,1,25,18,32,0,0,0,0,0,
47362,2837,16.727,60.0194,81.3829,-269.02,81.3829,-269.02,1,25,18,32,0,0,0,0,0,
47579,2850,17.0144,60.0194,81.3829,-269.02,81.3829,-269.02,1,25,18,32,0,0,0,0,0,
47794,2863,16.4104,60.0306,81.3829,-269.02,81.3829,-269.02,1,25,18,32,0,0,0,0,0,
48010,2876,16.5865,60.0306,81.3829,-269.02,81.3829,-269.02,1,25,18,32,0,0,0,0,0,
48211,2888,17.2066,60.0306,81.3829,-269.02,81.3829,-269.02,1,25,18,32,0,0,0,0,0,
48427,2901,16.2008,60.0306,81.3829,-269.02,81.3829,-269.02,1,25,18,32,0,0,0,0,0,
48627,2913,16.5045,60.0306,81.3829,-269.02,81.3829,-269.02,1,25,18,32,0,0,0,0,0,
48844,2926,16.9775,60.0279,81.3829,-269.02,81.3829,-269.02,1,25,18,32,0,0,0,0,0,
49061,2939,16.7634,60.0279,81.3829,-269.02,81.3829,-269.02,1,25,18,32,0,0,0,0,0,
49277,2952,16.8514,60.0279,81.3829,-269.02,81.3829,-269.02,1,25,18,32,0,0,0,0,0,
49478,2964,17.1098,60.0279,81.3829,-269.02,81.3829,-269.02,1,25,18,32,0,0,0,0,0,
49693,2977,16.434,60.0279,81.3829,-269.02,81.3829,-269.02,1,25,18,32,0,0,0,0,0,
49910,2990,17.0528,59.9997,81.3829,-269.02,81.3829,-269.02,1,25,18,32,0,0,0,0,0,
50126,3003,16.2484,59.9997,81.3829,-269.02,81.3829,-269.02,1,25,18,32,0,0,0,0,0,
50327,3015,17.0734,59.9997,81.3829,-269.02,81.3829,-269.02,1,25,18,32,0,0,0,0,0,
50544,3028,17.0589,59.9997,81.3829,-269.02,81.3829,-269.02,1,25,18,32,0,0,0,0,0,
50777,3041,33.4257,60.0604,81.3829,-269.02,81.3829,-269.02,1,25,18,32,0,0,0,0,0,
50993,3055,16.8129,60.0604,81.3829,-269.02,81.3829,-269.02,1,25,18,32,0,0,0,0,0,
51209,3068,16.4927,60.0604,81.3829,-269.02,81.3829,-269.02,1,25,18,32,0,0,0,0,0,
51410,3080,16.9651,60.0604,81.3829,-269.02,81.3829,-269.02,1,25,18,32,0,0,0,0,0,
51626,3093,17.2283,60.0604,81.3829,-269.02,81.3829,-269.02,1,25,18,32,0,0,0,0,0,
51842,3106,16.1141,60.0434,81.3829,-269.02,81.3829,-269.02,1,25,18,32,0,0,0,0,0,
52059,3119,16.9872,60.0434,81.3829,-269.02,81.3829,-269.02,1,25,18,32,0,0,0,0,0,
52275,3132,16.641,60.0434,81.3829,-269.02,81.3829,-269.02,1,25,18,32,0,0,0,0,0,
52476,3144,16.4592,60.0434,81.3829,-269.02,81.3829,-269.02,1,25,18,32,0,0,0,0,0,
52692,3157,16.7307,60.0434,81.3829,-269.02,81.3829,-269.02,1,25,18,32,0,0,0,0,0,
52909,3170,16.8468,60.006,81.3829,-269.02,81.3829,-269.02,1,25,18,32,0,0,0,0,0,
53125,3183,16.3783,60.006,81.3829,-269.02,81.3829,-269.02,1,25,18,32,0,0,0,0,0,
53342,3196,17.2666,60.006,81.3829,-269.02,81.3829,-269.02,1,25,18,32,0,0,0,0,0,
53559,3209,16.4293,60.006,81.3829,-269.02,81.3829,-269.02,1,25,18,32,0,0,0,0,0,
53759,3221,17.1625,60.006,81.3829,-269.02,81.3829,-269.02,1,25,18,32,0,0,0,0,0,
53975,3234,16.4043,60.0246,81.3829,-255.591,81.3829,-255.591,1,25,18,32,0,0,0,0,0,
54175,3246,16.6596,60.0246,81.3829,-245.504,81.3829,-245.504,1,25,18,32,0,0,0,0,0,
54375,3258,16.5964,60.0246,81.3829,-245.504,81.3829,-245.504,1,25,18,32,0,0,0,0,0,
54592,3271,16.8652,60.0246,81.3829,-245.504,81.3829,-245.504,1,25,18,32,0,0,0,0,0,
54808,3284,17.014,60.062,81.3829,-262.129,81.3829,-262.129,1,25,18,32,0,0,0,0,0,
55024,3297,16.8138,60.062,81.3829,-258.767,81.3829,-258.767,1,25,18,32,0,0,0,0,0,
55224,3309,16.9289,60.062,81.3829,-238.809,81.3829,-238.809,1,25,18,32,0,0,0,0,0,
55441,3322,16.8157,60.062,81.3829,-248.872,81.3829,-248.872,1,25,18,32,0,0,0,0,0,
55641,3334,16.8311,60.062,81.3829,-268.943,81.3829,-268.943,1,25,18,32,0,0,0,0,0,
55858,3346,33.4662,59.9874,81.3829,-268.943,81.3829,-268.943,1,25,18,32,0,0,0,0,0,
56073,3360,16.4678,59.9874,81.3829,-268.943,81.3829,-268.943,1,25,18,32,0,0,0,0,0,
56274,3372,16.6092,59.9874,81.3829,-245.713,81.3829,-245.713,1,25,18,32,0,0,0,0,0,
56490,3385,17.052,59.9874,81.3829,-222.639,81.3829,-222.639,1,25,18,32,0,0,0,0,0,
56706,3398,16.0353,59.9874,81.3829,-222.639,81.3829,-222.639,1,25,18,32,0,0,0,0,0,
56906,3410,15.6399,60.1319,81.3829,-198.991,81.3829,-198.991,1,25,18,32,0,0,0,0,0,
57106,3422,16.6138,60.1319,81.3829,-218.963,81.3829,-218.963,1,25,18,32,0,0,0,0,0,
57307,3434,17.0858,60.1319,81.3829,-225.712,81.3829,-225.712,1,25,18,32,0,0,0,0,0,
57507,3446,16.4385,60.1319,81.3829,-245.838,81.3829,-245.838,1,25,18,32,0,0,0,0,0,
57724,3459,17.0057,60.1319,81.3829,-245.838,81.3829,-245.838,1,25,18,32,0,0,0,0,0,
57939,3472,15.9329,59.9633,81.3829,-245.838,81.3829,-245.838,1,25,18,32,0,0,0,0,0,
58140,3484,16.8473,59.9633,81.3829,-269.209,81.3829,-269.209,1,25,18,32,0,0,0,0,0,
58356,3497,16.8796,59.9633,81.3829,-269.209,81.3829,-269.209,1,25,18,32,0,0,0,0,0,
58573,3510,17.2624,59.9633,81.3829,-242.46,81.3829,-242.46,1,25,18,32,0,0,0,0,0,
58790,3523,16.429,59.9633,81.3829,-222.55,81.3829,-222.55,1,25,18,32,0,0,0,0,0,
59006,3536,16.7393,60.0127,81.3829,-212.618,81.3829,-212.618,1,25,18,32,0,0,0,0,0,
59222,3549,16.6681,60.0127,81.3829,-195.954,81.3829,-195.954,1,25,18,32,0,0,0,0,0,
59422,3561,16.9089,60.0127,81.3829,-212.697,81.3829,-212.697,1,25,18,32,0,0,0,0,0,
59623,3573,17.1228,60.0127,81.3829,-216.059,81.3829,-216.059,1,25,18,32,0,0,0,0,0,
59838,3586,16.15,60.0127,81.3829,-235.901,81.3829,-235.901,1,25,18,32,0,0,0,0,0,
60039,3598,16.8889,60.0716,81.3829,-235.901,81.3829,-235.901,1,25,18,32,0,0,0,0,0,
60255,3611,16.2542,60.0716,81.3829,-242.534,81.3829,-242.534,1,25,18,32,0,0,0,0,0,
60455,3623,16.2703,60.0716,81.3829,-249.276,81.3829,-249.276,1,25,18,32,0,0,0,0,0,
60655,3635,17.2832,60.0716,81.3829,-249.276,81.3829,-249.276,1,25,18,32,0,0,0,0,0,
60856,3647,17.4033,59.96,81.3829,-249.276,81.3829,-249.276,1,25,18,32,0,0,0,0,0,
61071,3660,16.5633,59.96,81.3829,-268.918,81.3829,-268.918,1,25,18,32,0,0,0,0,0,
61288,3673,16.8625,59.96,81.3829,-268.918,81.3829,-268.918,1,25,18,32,0,0,0,0,0,
61488,3685,16.63,59.96,81.3829,-268.918,81.3829,-268.918,1,25,18,32,0,0,0,0,0,
61688,3697,16.7019,59.96,81.3829,-268.918,81.3829,-268.918,1,25,18,32,0,0,0,0,0,
61888,3709,16.863,60.052,81.3829,-268.918,81.3829,-268.918,1,25,18,32,0,0,0,0,0,
62104,3722,16.6779,60.052,81.3829,-268.918,81.3829,-268.918,1,25,18,32,0,0,0,0,0,
62321,3735,16.718,60.052,81.3829,-245.621,81.3829,-245.621,1,25,18,32,0,0,0,0,0,
62521,3747,16.728,60.052,81.3829,-245.621,81.3829,-245.621,1,25,18,32,0,0,0,0,0,
62721,3759,17.2384,60.052,81.3829,-262.384,81.3829,-262.384,1,25,18,32,0,0,0,0,0,
62935,3771,30.5781,60.0158,81.3829,-262.384,81.3829,-262.384,1,25,18,32,0,0,0,0,0,
63137,3784,16.5297,60.0158,81.3829,-262.384,81.3829,-262.384,1,25,18,32,0,0,0,0,0,
63354,3797,16.8333,60.0158,81.3829,-262.384,81.3829,-262.384,1,25,18,32,0,0,0,0,0,
63554,3809,16.5801,60.0158,81.3829,-262.384,81.3829,-262.384,1,25,18,32,0,0,0,0,0,
63770,3822,17.211,60.0158,81.3829,-262.384,81.3829,-262.384,1,25,18,32,0,0,0,0,0,
63986,3835,16.2566,60.0442,81.3829,-249.248,81.3829,-249.248,1,25,18,32,0,0,0,0,0,
64186,3847,16.5758,60.0442,81.3829,-235.846,81.3829,-235.846,1,25,18,32,0,0,0,0,0,
64386,3859,16.7628,60.0442,81.3829,-255.852,81.3829,-255.852,1,25,18,32,0,0,0,0,0,
64587,3871,17.1727,60.0442,81.3829,-255.852,81.3829,-255.852,1,25,18,32,0,0,0,0,0,
64803,3884,16.7465,60.0442,81.3829,-255.852,81.3829,-255.852,1,25,18,32,0,0,0,0,0,
65004,3896,14.1291,60.0112,81.3829,-255.852,81.3829,-255.852,1,25,18,32,0,0,0,0,0,
65219,3909,16.9863,60.0112,81.3829,-255.852,81.3829,-255.852,1,25,18,32,0,0,0,0,0,
65436,3922,16.7718,60.0112,81.3829,-255.852,81.3829,-255.852,1,25,18,32,0,0,0,0,0,
65652,3935,16.5303,60.0112,81.3829,-255.852,81.3829,-255.852,1,25,18,32,0,0,0,0,0,
65853,3947,16.881,60.0112,81.3829,-255.852,81.3829,-255.852,1,25,18,32,0,0,0,0,0,
66069,3960,17.8423,60.0455,81.3829,-255.852,81.3829,-255.852,1,25,18,32,0,0,0,0,0,
66285,3973,16.4183,60.0455,81.3829,-255.852,81.3829,-255.852,1,25,18,32,0,0,0,0,0,
66486,3985,17.1332,60.0455,81.3829,-255.852,81.3829,-255.852,1,25,18,32,0,0,0,0,0,
66686,3997,16.8035,60.0455,81.3829,-255.852,81.3829,-255.852,1,25,18,32,0,0,0,0,0,
66886,4009,17.392,60.0455,81.3829,-255.852,81.3829,-255.852,1,25,18,32,0,0,0,0,0,
67102,4022,15.87,60.032,81.3829,-255.852,81.3829,-255.852,1,25,18,32,0,0,0,0,0,
67318,4035,16.7692,60.032,81.3829,-255.852,81.3829,-255.852,1,25,18,32,0,0,0,0,0,
67519,4047,17.2737,60.032,81.3829,-255.852,81.3829,-255.852,1,25,18,32,0,0,0,0,0,
67735,4060,16.5604,60.032,81.3829,-255.852,81.3829,-255.852,1,25,18,32,0,0,0,0,0,
67951,4073,16.4599,60.032,81.3829,-255.852,81.3829,-255.852,1,25,18,32,0,0,0,0,0,
68151,4085,15.564,60.0277,81.3829,-265.82,81.3829,-265.82,1,25,18,32,0,0,0,0,0,
68368,4098,16.604,60.0277,81.3829,-265.82,81.3829,-265.82,1,25,18,32,0,0,0,0,0,
68568,4110,16.8454,60.0277,81.3829,-265.82,81.3829,-265.82,1,25,18,32,0,0,0,0,0,
68784,4123,16.4445,60.0277,81.3829,-265.82,81.3829,-265.82,1,25,18,32,0,0,0,0,0,
68985,4135,16.7496,60.0264,81.3829,-265.82,81.3829,-265.82,1,25,18,32,0,0,0,0,0,
69201,4148,16.2994,60.0264,81.3829,-265.82,81.3829,-265.82,1,25,18,32,0,0,0,0,0,
69417,4161,16.6804,60.0264,81.3829,-252.534,81.3829,-252.534,1,25,18,32,0,0,0,0,0,
69618,4173,16.5023,60.0264,81.3829,-252.534,81.3829,-252.534,1,25,18,32,0,0,0,0,0,
69833,4186,16.3348,60.0264,81.3829,-252.534,81.3829,-252.534,1,25,18,32,0,0,0,0,0,
70048,4198,30.2454,60.055,81.3829,-258.583,81.3829,-258.583,1,25,18,32,0,0,0,0,0,
70250,4211,16.7119,60.055,81.3829,-272.451,81.3829,-272.451,1,25,18,32,0,0,0,0,0,
70467,4224,16.8903,60.055,81.3829,-272.451,81.3829,-272.451,1,25,18,32,0,0,0,0,0,
70667,4236,16.9869,60.055,81.3829,-262.38,81.3829,-262.38,1,25,18,32,0,0,0,0,0,
70884,4249,17.1013,60.055,81.3829,-252.449,81.3829,-252.449,1,25,18,32,0,0,0,0,0,
71100,4262,16.072,59.9842,81.3829,-252.449,81.3829,-252.449,1,25,18,32,0,0,0,0,0,
71300,4274,16.8296,59.9842,81.3829,-252.449,81.3829,-252.449,1,25,18,32,0,0,0,0,0,
71517,4287,16.8174,59.9842,81.3829,-235.852,81.3829,-235.852,1,25,18,32,0,0,0,0,0,
71717,4299,16.7954,59.9842,81.3829,-235.852,81.3829,-235.852,1,25,18,32,0,0,0,0,0,
71933,4312,17.13,59.9842,81.3829,-242.574,81.3829,-242.574,1,25,18,32,0,0,0,0,0,
72149,4325,16.0179,60.0626,81.3829,-252.46,81.3829,-252.46,1,25,18,32,0,0,0,0,0,
72349,4337,16.7448,60.0626,81.3829,-252.46,81.3829,-252.46,1,25,18,32,0,0,0,0,0,
72566,4350,16.7376,60.0626,81.3829,-252.46,81.3829,-252.46,1,25,18,32,0,0,0,0,0,
72766,4362,16.1891,60.0626,81.3829,-252.46,81.3829,-252.46,1,25,18,32,0,0,0,0,0,
72983,4375,16.9975,60.0626,81.3829,-265.739,81.3829,-265.739,1,25,18,32,0,0,0,0,0,
73183,4387,17.0492,60.0106,81.3829,-265.739,81.3829,-265.739,1,25,18,32,0,0,0,0,0,
73399,4400,16.8006,60.0106,81.3829,-265.739,81.3829,-265.739,1,25,18,32,0,0,0,0,0,
73616,4413,16.9406,60.0106,81.3829,-252.457,81.3829,-252.457,1,25,18,32,0,0,0,0,0,
73816,4425,16.9997,60.0106,81.3829,-252.457,81.3829,-252.457,1,25,18,32,0,0,0,0,0,
74033,4438,17.2183,60.0106,81.3829,-252.457,81.3829,-252.457,1,25,18,32,0,0,0,0,0,
74249,4451,16.9602,60.0211,81.3829,-252.457,81.3829,-252.457,1,25,18,32,0,0,0,0,0,
74465,4464,16.5144,60.0211,81.3829,-252.457,81.3829,-252.457,1,25,18,32,0,0,0,0,0,
74665,4476,16.6742,60.0211,81.3829,-252.457,81.3829,-252.457,1,25,18,32,0,0,0,0,0,
74865,4488,18.0559,60.0211,81.3829,-278.726,81.3829,-278.726,1,25,18,32,0,0,0,0,0,
75082,4501,16.8177,60.026,81.3829,-278.726,81.3829,-278.726,1,25,18,32,0,0,0,0,0,
75298,4514,16.239,60.026,81.3829,-278.726,81.3829,-278.726,1,25,18,32,0,0,0,0,0,
75514,4527,16.5564,60.026,81.3829,-252.14,81.3829,-252.14,1,25,18,32,0,0,0,0,0,
75715,4539,16.6583,60.026,81.3829,-235.372,81.3829,-235.372,1,25,18,32,0,0,0,0,0,
75931,4552,16.951,60.026,81.3829,-231.94,81.3829,-231.94,1,25,18,32,0,0,0,0,0,
76151,4564,36.223,60.0462,81.3829,-255.343,81.3829,-255.343,1,25,18,32,0,0,0,0,0,
76364,4578,16.9304,60.0462,81.3829,-255.343,81.3829,-255.343,1,25,18,32,0,0,0,0,0,
76581,4591,16.6809,60.0462,81.3829,-255.343,81.3829,-255.343,1,25,18,32,0,0,0,0,0,
76781,4603,17.4645,60.0462,81.3829,-255.343,81.3829,-255.343,1,25,18,32,0,0,0,0,0,
76997,4616,16.2063,60.0462,81.3829,-255.343,81.3829,-255.343,1,25,18,32,0,0,0,0,0,
77198,4628,16.3308,60.0264,81.3829,-255.343,81.3829,-255.343,1,25,18,32,0,0,0,0,0,
77413,4641,16.243,60.0264,81.3829,-255.343,81.3829,-255.343,1,25,18,32,0,0,0,0,0,
77630,4654,16.7288,60.0264,81.3829,-255.343,81.3829,-255.343,1,25,18,32,0,0,0,0,0,
77830,4666,16.5182,60.0264,81.3829,-255.343,81.3829,-255.343,1,25,18,32,0,0,0,0,0,
78048,4679,18.1156,60.0264,81.3829,-255.343,81.3829,-255.343,1,25,18,32,0,0,0,0,0,
78263,4692,15.9325,60.0292,81.3829,-268.372,81.3829,-268.372,1,25,18,32,0,0,0,0,0,
78480,4705,16.7979,60.0292,81.3829,-278.389,81.3829,-278.389,1,25,18,32,0,0,0,0,0,
78680,4717,17.3267,60.0292,81.3829,-268.451,81.3829,-268.451,1,25,18,32,0,0,0,0,0,
78896,4730,16.8452,60.0292,81.3829,-268.451,81.3829,-268.451,1,25,18,32,0,0,0,0,0,
79113,4743,17.1069,60.0292,81.3829,-268.451,81.3829,-268.451,1,25,18,32,0,0,0,0,0,
79329,4756,16.8982,60.0088,81.3829,-268.451,81.3829,-268.451,1,25,18,32,0,0,0,0,0,
79546,4769,16.5588,60.0088,81.3829,-268.451,81.3829,-268.451,1,25,18,32,0,0,0,0,0,
79746,4781,17.0358,60.0088,81.3829,-268.451,81.3829,-268.451,1,25,18,32,0,0,0,0,0,
79963,4794,16.9489,60.0088,81.3829,-268.451,81.3829,-268.451,1,25,18,32,0,0,0,0,0,
80163,4806,16.4239,60.0504,81.3829,-245.145,81.3829,-245.145,1,25,18,32,0,0,0,0,0,
80379,4819,16.727,60.0504,81.3829,-245.145,81.3829,-245.145,1,25,18,32,0,0,0,0,0,
80595,4832,16.6981,60.0504,81.3829,-251.795,81.3829,-251.795,1,25,18,32,0,0,0,0,0,
80796,4844,16.7527,60.0504,81.3829,-265.131,81.3829,-265.131,1,25,18,32,0,0,0,0,0,
80996,4856,16.5727,60.0504,81.3829,-265.131,81.3829,-265.131,1,25,18,32,0,0,0,0,0,
81212,4869,17.652,60.1136,81.3829,-265.131,81.3829,-265.131,1,25,18,32,0,0,0,0,0,
81428,4882,16.7792,60.1136,81.3829,-265.131,81.3829,-265.131,1,25,18,32,0,0,0,0,0,
81629,4894,17.1593,60.1136,81.3829,-265.131,81.3829,-265.131,1,25,18,32,0,0,0,0,0,
81845,4907,15.8645,60.1136,81.3829,-265.131,81.3829,-265.131,1,25,18,32,0,0,0,0,0,
82045,4919,17.0012,60.1136,81.3829,-265.131,81.3829,-265.131,1,25,18,32,0,0,0,0,0,
82262,4932,17.3967,59.9293,81.3829,-265.131,81.3829,-265.131,1,25,18,32,0,0,0,0,0,
82478,4945,17.0831,59.9293,81.3829,-261.714,81.3829,-261.714,1,25,18,32,0,0,0,0,0,
82694,4958,16.7638,59.9293,81.3829,-258.473,81.3829,-258.473,1,25,18,32,0,0,0,0,0,
82911,4971,17.1678,59.9293,81.3829,-258.473,81.3829,-258.473,1,25,18,32,0,0,0,0,0,
83112,4983,17.4854,59.9293,81.3829,-258.473,81.3829,-258.473,1,25,18,32,0,0,0,0,0,
83327,4996,16.5145,60.0536,81.3829,-258.473,81.3829,-258.473,1,25,18,32,0,0,0,0,0,
83527,5008,16.7989,60.0536,81.3829,-258.473,81.3829,-258.473,1,25,18,32,0,0,0,0,0,
83727,5020,17.2112,60.0536,81.3829,-258.473,81.3829,-258.473,1,25,18,32,0,0,0,0,0,
83944,5033,17.0312,60.0536,81.3829,-258.473,81.3829,-258.473,1,25,18,32,0,0,0,0,0,
84161,5046,16.5242,60.0536,81.3829,-258.473,81.3829,-258.473,1,25,18,32,0,0,0,0,0,
84377,5059,16.6652,60.0529,81.3829,-258.473,81.3829,-258.473,1,25,18,32,0,0,0,0,0,
84593,5072,16.4517,60.0529,81.3829,-258.473,81.3829,-258.473,1,25,18,32,0,0,0,0,0,
84809,5085,16.6698,60.0529,81.3829,-258.473,81.3829,-258.473,1,25,18,32,0,0,0,0,0,
85010,5097,16.6356,60.0529,81.3829,-258.473,81.3829,-258.473,1,25,18,32,0,0,0,0,0,
85227,5110,16.9429,59.9883,81.3829,-258.473,81.3829,-258.473,1,25,18,32,0,0,0,0,0,
85443,5123,16.6172,59.9883,81.3829,-258.473,81.3829,-258.473,1,25,18,32,0,0,0,0,0,
85643,5135,16.5148,59.9883,81.3829,-258.473,81.3829,-258.473,1,25,18,32,0,0,0,0,0,
85860,5148,17.1351,59.9883,81.3829,-258.473,81.3829,-258.473,1,25,18,32,0,0,0,0,0,
86076,5161,16.809,59.9883,81.3829,-258.473,81.3829,-258.473,1,25,18,32,0,0,0,0,0,
86278,5173,4.73089,60.0494,81.3829,-258.473,81.3829,-258.473,1,25,18,32,0,0,0,0,0,
86492,5186,16.7007,60.0494,81.3829,-258.473,81.3829,-258.473,1,25,18,32,0,0,0,0,0,
86692,5198,16.8792,60.0494,81.3829,-258.473,81.3829,-258.473,1,25,18,32,0,0,0,0,0,
86909,5211,17.0497,60.0494,81.3829,-258.473,81.3829,-258.473,1,25,18,32,0,0,0,0,0,
87126,5224,16.6816,60.0494,81.3829,-258.473,81.3829,-258.473,1,25,18,32,0,0,0,0,0,
87328,5236,17.5666,60.0073,81.3829,-258.473,81.3829,-258.473,1,25,18,32,0,0,0,0,0,
87542,5249,16.3497,60.0073,81.3829,-258.473,81.3829,-258.473,1,25,18,32,0,0,0,0,0,
87742,5261,16.8238,60.0073,81.3829,-258.473,81.3829,-258.473,1,25,18,32,0,0,0,0,0,
87943,5273,16.5032,60.0073,81.3829,-258.473,81.3829,-258.473,1,25,18,32,0,0,0,0,0,
88159,5286,16.631,60.0073,78.0567,-258.473,78.0567,-258.473,1,25,18,32,0,0,0,0,0,
88375,5299,16.4704,60.0246,61.4442,-258.473,61.4442,-258.473,1,25,18,32,0,0,0,0,0,
88592,5312,16.8681,60.0246,61.4442,-258.473,61.4442,-258.473,1,25,18,32,0,0,0,0,0,
88792,5324,16.7011,60.0246,61.4442,-258.473,61.4442,-258.473,1,25,18,32,0,0,0,0,0,
89008,5337,17.4411,60.0246,41.3833,-258.473,41.3833,-258.473,1,25,18,32,0,0,0,0,0,
89225,5350,17.1845,60.0246,41.3833,-258.473,41.3833,-258.473,1,25,18,32,0,0,0,0,0,
89441,5363,16.2539,60.0328,41.3833,-258.473,41.3833,-258.473,1,25,18,32,0,0,0,0,0,
89641,5375,16.9974,60.0328,41.3833,-258.473,41.3833,-258.473,1,25,18,32,0,0,0,0,0,
89858,5388,16.7742,60.0328,57.7775,-258.473,57.7775,-258.473,1,25,18,32,0,0,0,0,0,
90058,5400,16.1337,60.0328,57.7775,-258.473,57.7775,-258.473,1,25,18,32,0,0,0,0,0,
90275,5413,17.2192,60.0328,64.3267,-258.473,64.3267,-258.473,1,25,18,32,0,0,0,0,0,
90491,5426,16.5976,60.0345,64.3267,-258.473,64.3267,-258.473,1,25,18,32,0,0,0,0,0,
90707,5439,16.5853,60.0345,64.3267,-258.473,64.3267,-258.473,1,25,18,32,0,0,0,0,0,
90907,5451,17.0364,60.0345,77.5544,-258.473,77.5544,-258.473,1,25,18,32,0,0,0,0,0,
91124,5464,17.0823,60.0345,77.5544,-258.473,77.5544,-258.473,1,25,18,32,0,0,0,0,0,
91324,5476,16.8257,60.0067,77.5544,-258.473,77.5544,-258.473,1,25,18,32,0,0,0,0,0,
91540,5489,16.2176,60.0067,77.5544,-258.473,77.5544,-258.473,1,25,18,32,0,0,0,0,0,
91740,5501,16.8499,60.0067,77.5544,-258.473,77.5544,-258.473,1,25,18,32,0,0,0,0,0,
91957,5514,17.0375,60.0067,77.5544,-258.473,77.5544,-258.473,1,25,18,32,0,0,0,0,0,
92174,5527,17.3187,60.0067,77.5544,-258.473,77.5544,-258.473,1,25,18,32,0,0,0,0,0,
92376,5539,4.48456,60.0833,77.5544,-258.473,77.5544,-258.473,1,25,18,32,0,0,0,0,0,
92589,5552,16.3367,60.0833,77.5544,-258.473,77.5544,-258.473,1,25,18,32,0,0,0,0,0,
92806,5565,16.7075,60.0833,90.908,-258.473,90.908,-258.473,1,25,18,32,0,0,0,0,0,
93007,5577,17.4606,60.0833,90.908,-258.473,90.908,-258.473,1,25,18,32,0,0,0,0,0,
93207,5589,17.336,60.0833,90.908,-258.473,90.908,-258.473,1,25,18,32,0,0,0,0,0,
93423,5602,16.6536,60.0002,74.2301,-258.473,74.2301,-258.473,1,25,18,32,0,0,0,0,0,
93639,5615,16.7546,60.0002,74.2301,-258.473,74.2301,-258.473,1,25,18,32,0,0,0,0,0,
93839,5627,16.4988,60.0002,74.2301,-258.473,74.2301,-258.473,1,25,18,32,0,0,0,0,0,
94039,5639,16.9219,60.0002,74.2301,-258.473,74.2301,-258.473,1,25,18,32,0,0,0,0,0,
94239,5651,16.5577,60.0002,74.2301,-258.473,74.2301,-258.473,1,25,18,32,0,0,0,0,0,
94441,5663,18.8996,60.0239,67.5864,-258.473,67.5864,-258.473,1,25,18,32,0,0,0,0,0,
94655,5676,16.4727,60.0239,60.9417,-258.473,60.9417,-258.473,1,25,18,32,0,0,0,0,0,
94872,5689,16.7819,60.0239,44.267,-258.473,44.267,-258.473,1,25,18,32,0,0,0,0,0,
95072,5701,16.7435,60.0239,44.267,-258.473,44.267,-258.473,1,25,18,32,0,0,0,0,0,
95288,5714,16.1558,60.0239,44.267,-258.473,44.267,-258.473,1,25,18,32,0,0,0,0,0,
95504,5727,16.9905,60.0581,61.039,-258.473,61.039,-258.473,1,25,18,32,0,0,0,0,0,
95705,5739,16.5182,60.0581,61.039,-258.473,61.039,-258.473,1,25,18,32,0,0,0,0,0,
95905,5751,16.5883,60.0581,74.4154,-258.473,74.4154,-258.473,1,25,18,32,0,0,0,0,0,
96121,5764,16.6917,60.0581,74.4154,-258.473,74.4154,-258.473,1,25,18,32,0,0,0,0,0,
96338,5777,17.0404,60.0581,74.4154,-258.473,74.4154,-258.473,1,25,18,32,0,0,0,0,0,
96555,5790,16.9212,59.9992,77.7996,-258.473,77.7996,-258.473,1,25,18,32,0,0,0,0,0,
96771,5803,16.7224,59.9992,94.3576,-258.473,94.3576,-258.473,1,25,18,32,0,0,0,0,0,
96988,5816,17.2718,59.9992,94.3576,-258.473,94.3576,-258.473,1,25,18,32,0,0,0,0,0,
97204,5829,16.4072,59.9992,94.3576,-258.473,94.3576,-258.473,1,25,18,32,0,0,0,0,0,
97404,5841,16.6127,60.0282,94.3576,-258.473,94.3576,-258.473,1,25,18,32,0,0,0,0,0,
97620,5854,16.6454,60.0282,94.3576,-258.473,94.3576,-258.473,1,25,18,32,0,0,0,0,0,
97821,5866,16.966,60.0282,81.0144,-258.473,81.0144,-258.473,1,25,18,32,0,0,0,0,0,
98038,5879,17.128,60.0282,81.0144,-258.473,81.0144,-258.473,1,25,18,32,0,0,0,0,0,
98254,5892,16.4882,60.0282,81.0144,-258.473,81.0144,-258.473,1,25,18,32,0,0,0,0,0,
98457,5904,4.48734,60.0452,81.0144,-258.473,81.0144,-258.473,1,25,18,32,0,0,0,0,0,
98670,5917,16.3722,60.0452,57.6644,-258.473,57.6644,-258.473,1,25,18,32,0,0,0,0,0,
98886,5930,16.6136,60.0452,57.6644,-258.473,57.6644,-258.473,1,25,18,32,0,0,0,0,0,
99104,5943,17.3269,60.0452,57.6644,-258.473,57.6644,-258.473,1,25,18,32,0,0,0,0,0,
99304,5955,17.0238,60.0452,57.6644,-258.473,57.6644,-258.473,1,25,18,32,0,0,0,0,0,
99519,5968,16.5093,59.9988,57.6644,-258.473,57.6644,-258.473,1,25,18,32,0,0,0,0,0,
99720,5980,17.1102,59.9988,77.7231,-258.473,77.7231,-258.473,1,25,18,32,0,0,0,0,0,
99936,5993,16.9549,59.9988,77.7231,-258.473,77.7231,-258.473,1,25,18,32,0,0,0,0,0,
100136,6005,16.5659,59.9988,77.7231,-258.473,77.7231,-258.473,1,25,18,32,0,0,0,0,0,
100336,6017,16.5045,59.9988,77.7231,-258.473,77.7231,-258.473,1,25,18,32,0,0,0,0,0,
100552,6030,16.535,60.034,77.7231,-258.473,77.7231,-258.473,1,25,18,32,0,0,0,0,0,
100753,6042,16.6393,60.034,91.0756,-258.473,91.0756,-258.473,1,25,18,32,0,0,0,0,0,
100969,6055,16.8631,60.034,91.0756,-258.473,91.0756,-258.473,1,25,18,32,0,0,0,0,0,
101186,6068,16.7939,60.034,91.0756,-258.473,91.0756,-258.473,1,25,18,32,0,0,0,0,0,
101386,6080,16.9806,60.034,91.0756,-258.473,91.0756,-258.473,1,25,18,32,0,0,0,0,0,
101601,6093,16.646,60.032,74.0333,-258.473,74.0333,-258.473,1,25,18,32,0,0,0,0,0,
101801,6105,16.5908,60.032,74.0333,-258.473,74.0333,-258.473,1,25,18,32,0,0,0,0,0,
102002,6117,17.15,60.032,74.0333,-258.473,74.0333,-258.473,1,25,18,32,0,0,0,0,0,
102219,6130,16.6904,60.032,74.0333,-258.473,74.0333,-258.473,1,25,18,32,0,0,0,0,0,
102419,6142,16.9156,60.032,74.0333,-258.473,74.0333,-258.473,1,25,18,32,0,0,0,0,0,
102634,6155,16.1733,60.0104,74.0333,-258.473,74.0333,-258.473,1,25,18,32,0,0,0,0,0,
102835,6167,16.7812,60.0104,50.74,-258.473,50.74,-258.473,1,25,18,32,0,0,0,0,0,
103035,6179,16.4638,60.0104,30.7036,-258.473,30.7036,-258.473,1,25,18,32,0,0,0,0,0,
103251,6192,16.4889,60.0104,30.7036,-258.473,30.7036,-258.473,1,25,18,32,0,0,0,0,0,
103452,6204,17.0594,60.0104,30.7036,-258.473,30.7036,-258.473,1,25,18,32,0,0,0,0,0,
103667,6217,16.6063,60.0389,30.7036,-258.473,30.7036,-258.473,1,25,18,32,0,0,0,0,0,
103884,6230,16.6148,60.0389,44.0062,-258.473,44.0062,-258.473,1,25,18,32,0,0,0,0,0,
104101,6243,17.2628,60.0389,44.0062,-258.473,44.0062,-258.473,1,25,18,32,0,0,0,0,0,
104317,6256,16.321,60.0389,44.0062,-258.473,44.0062,-258.473,1,25,18,32,0,0,0,0,0,
104533,6268,32.0706,60.0747,57.3742,-258.473,57.3742,-258.473,1,25,18,32,0,0,0,0,0,
104734,6281,16.8462,60.0747,57.3742,-258.473,57.3742,-258.473,1,25,18,32,0,0,0,0,0,
104950,6294,16.8503,60.0747,60.7443,-258.473,60.7443,-258.473,1,25,18,32,0,0,0,0,0,
105151,6306,17.2625,60.0747,77.5421,-258.473,77.5421,-258.473,1,25,18,32,0,0,0,0,0,
105367,6319,16.4359,60.0747,77.5421,-258.473,77.5421,-258.473,1,25,18,32,0,0,0,0,0,
105571,6331,17.97,59.9938,77.5421,-258.473,77.5421,-258.473,1,25,18,32,0,0,0,0,0,
105783,6344,17.0402,59.9938,77.5421,-258.473,77.5421,-258.473,1,25,18,32,0,0,0,0,0,
106000,6357,16.9764,59.9938,77.5421,-258.473,77.5421,-258.473,1,25,18,32,0,0,0,0,0,
106216,6370,16.8906,59.9938,77.5421,-258.473,77.5421,-258.473,1,25,18,32,0,0,0,0,0,
106433,6383,17.2395,59.9938,77.5421,-258.473,77.5421,-258.473,1,25,18,32,0,0,0,0,0,
106649,6396,16.8354,60.0653,77.5421,-258.473,77.5421,-258.473,1,25,18,32,0,0,0,0,0,
106849,6408,16.6246,60.0653,77.5421,-258.473,77.5421,-258.473,1,25,18,32,0,0,0,0,0,
107065,6421,16.809,60.0653,77.5421,-258.473,77.5421,-258.473,1,25,18,32,0,0,0,0,0,
107265,6433,16.9003,60.0653,77.5421,-258.473,77.5421,-258.473,1,25,18,32,0,0,0,0,0,
107466,6445,17.1534,60.0653,77.5421,-258.473,77.5421,-258.473,1,25,18,32,0,0,0,0,0,
107666,6457,17.6072,60.0038,94.7631,-258.473,94.7631,-258.473,1,25,18,32,0,0,0,0,0,
107882,6470,16.2929,60.0038,94.7631,-258.473,94.7631,-258.473,1,25,18,32,0,0,0,0,0,
108098,6483,16.6116,60.0038,74.6657,-258.473,74.6657,-258.473,1,25,18,32,0,0,0,0,0,
108298,6495,16.1636,60.0038,74.6657,-258.473,74.6657,-258.473,1,25,18,32,0,0,0,0,0,
108499,6507,17.3118,60.0038,74.6657,-258.473,74.6657,-258.473,1,25,18,32,0,0,0,0,0,
108715,6520,16.4574,60.0372,74.6657,-258.473,74.6657,-258.473,1,25,18,32,0,0,0,0,0,
108932,6533,16.8498,60.0372,98.0264,-258.473,98.0264,-258.473,1,25,18,32,0,0,0,0,0,
109148,6546,16.799,60.0372,98.0264,-258.473,98.0264,-258.473,1,25,18,32,0,0,0,0,0,
109348,6558,16.5887,60.0372,98.0264,-258.473,98.0264,-258.473,1,25,18,32,0,0,0,0,0,
109565,6571,16.7276,60.0345,84.8015,-258.473,84.8015,-258.473,1,25,18,32,0,0,0,0,0,
109780,6584,16.0861,60.0345,74.1546,-258.473,74.1546,-258.473,1,25,18,32,0,0,0,0,0,
109981,6596,16.4492,60.0345,74.1546,-258.473,74.1546,-258.473,1,25,18,32,0,0,0,0,0,
110181,6608,16.6396,60.0345,74.1546,-258.473,74.1546,-258.473,1,25,18,32,0,0,0,0,0,
110398,6621,16.3511,60.0345,74.1546,-258.473,74.1546,-258.473,1,25,18,32,0,0,0,0,0,
110598,6633,16.8005,60.013,74.1546,-258.473,74.1546,-258.473,1,25,18,32,0,0,0,0,0,
110814,6646,16.4611,60.013,74.1546,-258.473,74.1546,-258.473,1,25,18,32,0,0,0,0,0,
111030,6659,16.7282,60.013,80.8782,-258.473,80.8782,-258.473,1,25,18,32,0,0,0,0,0,
111231,6671,16.6742,60.013,80.8782,-258.473,80.8782,-258.473,1,25,18,32,0,0,0,0,0,
111447,6684,17.3701,60.013,80.8782,-258.473,80.8782,-258.473,1,25,18,32,0,0,0,0,0,
111650,6696,4.74236,60.0319,80.8782,-258.473,80.8782,-258.473,1,25,18,32,0,0,0,0,0,
111863,6709,16.8808,60.0319,80.8782,-258.473,80.8782,-258.473,1,25,18,32,0,0,0,0,0,
112079,6722,16.8905,60.0319,80.8782,-258.473,80.8782,-258.473,1,25,18,32,0,0,0,0,0,
112296,6735,16.6819,60.0319,80.8782,-258.473,80.8782,-258.473,1,25,18,32,0,0,0,0,0,
112497,6747,16.4647,60.0319,80.8782,-258.473,80.8782,-258.473,1,25,18,32,0,0,0,0,0,
112699,6759,15.2335,60.0139,80.8782,-258.473,80.8782,-258.473,1,25,18,32,0,0,0,0,0,
112913,6772,16.4701,60.0139,80.8782,-258.473,80.8782,-258.473,1,25,18,32,0,0,0,0,0,
113130,6785,16.7862,60.0139,80.8782,-258.473,80.8782,-258.473,1,25,18,32,0,0,0,0,0,
113330,6797,16.7931,60.0139,80.8782,-258.473,80.8782,-258.473,1,25,18,32,0,0,0,0,0,
113546,6810,17.2014,60.0139,80.8782,-258.473,80.8782,-258.473,1,25,18,32,0,0,0,0,0,
113762,6823,16.5243,60.0448,80.8782,-258.473,80.8782,-258.473,1,25,18,32,0,0,0,0,0,
113978,6836,16.4362,60.0448,80.8782,-258.473,80.8782,-258.473,1,25,18,32,0,0,0,0,0,
114179,6848,16.7088,60.0448,80.8782,-258.473,80.8782,-258.473,1,25,18,32,0,0,0,0,0,
114379,6860,16.3165,60.0448,80.8782,-258.473,80.8782,-258.473,1,25,18,32,0,0,0,0,0,
114596,6873,16.8124,60.0448,80.8782,-258.473,80.8782,-258.473,1,25,18,32,0,0,0,0,0,
114813,6886,16.8792,60.0396,80.8782,-258.473,80.8782,-258.473,1,25,18,32,0,0,0,0,0,
115029,6899,16.5326,60.0396,80.8782,-258.473,80.8782,-258.473,1,25,18,32,0,0,0,0,0,
115229,6911,16.8574,60.0396,80.8782,-258.473,80.8782,-258.473,1,25,18,32,0,0,0,0,0,
115445,6924,16.6871,60.0396,80.8782,-258.473,80.8782,-258.473,1,25,18,32,0,0,0,0,0,
115710,6932,100,52.6205,80.8782,-258.473,80.8782,-258.473,1,25,18,32,0,0,0,0,0,
115911,6946,16.6882,52.6205,80.8782,-258.473,80.8782,-258.473,1,25,18,32,0,0,0,0,0,
116127,6959,16.6961,52.6205,80.8782,-258.473,80.8782,-258.473,1,25,18,32,0,0,0,0,0,
116328,6971,16.8129,52.6205,80.8782,-258.473,80.8782,-258.473,1,25,18,32,0,0,0,0,0,
116545,6984,16.6453,52.6205,80.8782,-258.473,80.8782,-258.473,1,25,18,32,0,0,0,0,0,
116762,6997,16.8836,61.9836,80.8782,-258.473,80.8782,-258.473,1,25,18,32,0,0,0,0,0,
116977,7010,16.5853,61.9836,80.8782,-258.473,80.8782,-258.473,1,25,18,32,0,0,0,0,0,
117178,7022,16.5241,61.9836,80.8782,-258.473,80.8782,-258.473,1,25,18,32,0,0,0,0,0,
117394,7035,16.5874,61.9836,80.8782,-258.473,80.8782,-258.473,1,25,18,32,0,0,0,0,0,
117595,7047,16.9888,61.9836,80.8782,-258.473,80.8782,-258.473,1,25,18,32,0,0,0,0,0,
117810,7060,16.1888,59.9393,80.8782,-258.473,80.8782,-258.473,1,25,18,32,0,0,0,0,0,
118027,7073,16.6432,59.9393,80.8782,-258.473,80.8782,-258.473,1,25,18,32,0,0,0,0,0,
118227,7085,16.8942,59.9393,80.8782,-258.473,80.8782,-258.473,1,25,18,32,0,0,0,0,0,
118444,7098,16.8337,59.9393,80.8782,-258.473,80.8782,-258.473,1,25,18,32,0,0,0,0,0,
118661,7111,17.0098,59.9393,80.8782,-258.473,80.8782,-258.473,1,25,18,32,0,0,0,0,0,
118878,7124,17.1096,60.0249,80.8782,-258.473,80.8782,-258.473,1,25,18,32,0,0,0,0,0,
119093,7137,17.1094,60.0249,80.8782,-258.473,80.8782,-258.473,1,25,18,32,0,0,0,0,0,
119294,7149,17.1506,60.0249,80.8782,-258.473,80.8782,-258.473,1,25,18,32,0,0,0,0,0,
119494,7161,17.4199,60.0249,80.8782,-258.473,80.8782,-258.473,1,25,18,32,0,0,0,0,0,
119710,7174,16.1808,60.0249,80.8782,-258.473,80.8782,-258.473,1,25,18,32,0,0,0,0,0,
119926,7187,16.9717,60.0616,80.8782,-258.473,80.8782,-258.473,1,25,18,32,0,0,0,0,0,
120126,7199,16.1719,60.0616,80.8782,-258.473,80.8782,-258.473,1,25,18,32,0,0,0,0,0,
120327,7211,17.2054,60.0616,80.8782,-258.473,80.8782,-258.473,1,25,18,32,0,0,0,0,0,
120542,7224,16.074,60.0616,80.8782,-258.473,80.8782,-258.473,1,25,18,32,0,0,0,0,0,
0,0,0.043206,0,500,0,500,0,1,25,18,18,18,18,0,0,0,chunk_loads
234,1,100,0,500,0,500,0,1,25,18,18,0,0,0,0,0,
438,15,16.4039,0,500,0,500,0,1,25,18,18,0,0,0,0,0,
654,28,16.8255,0,500,0,500,0,1,25,18,18,0,0,0,0,0,
871,41,16.7284,0,500,0,500,0,1,25,18,18,0,0,0,0,0,
1087,54,17.2691,49.7817,500,0,500,0,1,25,18,18,0,0,0,0,0,
1304,67,16.8224,49.7817,500,0,500,0,1,25,18,18,0,0,0,0,0,
1520,80,16.7182,49.7817,500,0,500,0,1,25,18,18,0,0,0,0,0,
1737,93,16.7436,49.7817,500,0,500,0,1,25,18,18,0,0,0,0,0,
1953,106,16.7358,49.7817,500,0,500,0,1,25,18,18,0,0,0,0,0,
2170,119,16.7309,60.0293,500,0,500,0,1,25,18,18,0,0,0,0,0,
2387,132,16.8224,60.0293,500,0,500,0,1,25,18,18,0,0,0,0,0,
2603,145,16.755,60.0293,500,0,500,0,1,25,18,18,0,0,0,0,0,
2820,158,16.9668,60.0293,500,0,500,0,1,25,18,18,0,0,0,0,0,
3036,171,16.6608,60.0283,500,0,500,0,1,25,18,18,0,0,0,0,0,
3253,184,16.7361,60.0283,500,0,500,0,1,25,18,18,0,0,0,0,0,
3470,197,16.7825,60.0283,500,0,500,0,1,25,18,18,0,0,0,0,0,
3686,210,16.492,60.0283,500,0,500,0,1,25,18,18,0,0,0,0,0,
3903,223,16.8161,60.0283,500,0,500,0,1,25,18,18,0,0,0,0,0,
4104,234,34.6455,60.032,500,0,500,0,1,25,18,18,0,0,0,0,0,
4319,248,16.4142,60.032,500,0,500,0,1,25,18,18,0,0,0,0,0,
4519,260,16.8121,60.032,500,0,500,0,1,25,18,18,0,0,0,0,0,
4736,273,16.6144,60.032,500,0,500,0,1,25,18,18,0,0,0,0,0,
4952,286,16.7469,60.032,500,0,500,0,1,25,18,18,0,0,0,0,0,
5168,299,16.7366,60.0225,500,0,500,0,1,25,18,18,0,0,0,0,0,
5369,311,16.737,60.0225,500,0,500,0,1,25,18,18,0,0,0,0,0,
5585,324,16.6908,60.0225,500,0,500,0,1,25,18,18,0,0,0,0,0,
5802,337,16.6661,60.0225,500,0,500,0,1,25,18,18,0,0,0,0,0,
6018,350,16.6416,60.0225,500,0,500,0,1,25,18,18,0,0,0,0,0,
6235,363,16.6905,60.0041,500,0,500,0,1,25,18,18,0,0,0,0,0,
6435,375,16.7785,60.0041,500,0,500,0,1,25,18,18,0,0,0,0,0,
6651,388,16.5485,60.0041,500,0,500,0,1,25,18,18,0,0,0,0,0,
6868,401,16.7263,60.0041,500,0,500,0,1,25,18,18,0,0,0,0,0,
7068,413,16.8067,60.0041,500,0,500,0,1,25,18,18,0,0,0,0,0,
7268,425,16.889,60.0499,500,0,500,0,1,25,18,18,0,0,0,0,0,
7484,438,16.7231,60.0499,483.385,0,483.385,0,1,25,18,18,0,0,0,0,0,
7684,450,16.9352,60.0499,466.695,0,466.695,0,1,25,18,18,0,0,0,0,0,
7901,463,16.8975,60.0499,453.351,0,453.351,0,1,25,18,18,0,0,0,0,0,
8118,476,16.913,60.0135,423.319,0,423.319,0,1,25,18,18,0,0,0,0,0,
8334,489,17.1073,60.0135,379.986,0,379.986,0,1,25,18,18,0,0,0,0,0,
8551,502,16.8748,60.0135,336.716,0,336.716,0,1,25,18,18,0,0,0,0,0,
8767,515,16.6024,60.0135,293.452,0,293.452,0,1,25,18,18,0,0,0,0,0,
8983,528,17.011,60.0135,250.209,0,250.209,0,1,25,18,18,0,0,0,0,0,
9185,540,3.57158,60.0461,209.757,0,209.757,0,1,25,18,18,0,0,0,0,0,
9400,553,16.7272,60.0461,166.841,0,166.841,0,1,25,18,18,0,0,0,0,0,
9617,566,16.8873,60.0461,146.844,0,146.844,0,1,25,18,18,0,0,0,0,0,
9833,579,16.691,60.0461,146.844,0,146.844,0,1,25,18,18,0,0,0,0,0,
10033,591,16.8384,60.0461,146.844,0,146.844,0,1,25,18,18,0,0,0,0,0,
10194,600,27.9357,60.0334,146.844,-5.58714,146.844,-5.58714,1,25,18,24,6,6,0,0,0,chunk_loads
10297,601,100,60.0334,146.844,-25.5871,146.844,-25.5871,1,25,18,24,0,0,0,0,0,
10499,616,16.4194,60.0334,146.844,-66.1337,146.844,-66.1337,1,25,18,24,0,0,0,0,0,
10716,629,16.5079,60.0334,146.844,-109.431,146.844,-109.431,1,25,18,24,0,0,0,0,0,
10933,642,16.9194,60.0334,146.844,-152.794,146.844,-152.794,1,25,18,24,0,0,0,0,0,
11149,655,16.5394,60.0334,146.844,-196.085,146.844,-196.085,1,25,18,24,0,0,0,0,0,
11366,668,16.5519,57.0475,146.844,-209.402,146.844,-209.402,1,25,18,24,0,0,0,0,0,
11566,680,16.6705,57.0475,140.158,-209.402,140.158,-209.402,1,25,18,24,0,0,0,0,0,
11766,692,16.6342,57.0475,103.473,-209.402,103.473,-209.402,1,25,18,24,0,0,0,0,0,
11982,705,16.6579,57.0475,103.473,-209.402,103.473,-209.402,1,25,18,24,0,0,0,0,0,
12199,718,16.8681,60.0403,103.473,-169.476,103.473,-169.476,1,25,18,24,0,0,0,0,0,
12415,731,16.8711,60.0403,103.473,-142.937,103.473,-142.937,1,25,18,24,0,0,0,0,0,
12632,744,16.5112,60.0403,103.473,-169.539,103.473,-169.539,1,25,18,24,0,0,0,0,0,
12832,756,16.9559,60.0403,103.473,-189.6,103.473,-189.6,1,25,18,24,0,0,0,0,0,
13048,769,16.8099,60.0403,103.473,-219.519,103.473,-219.519,1,25,18,24,0,0,0,0,0,
13250,781,6.36254,60.0293,103.473,-219.519,103.473,-219.519,1,25,18,24,0,0,0,0,0,
13465,794,16.7929,60.0293,66.685,-219.519,66.685,-219.519,1,25,18,24,0,0,0,0,0,
13682,807,16.9447,60.0293,66.685,-219.519,66.685,-219.519,1,25,18,24,0,0,0,0,0,
13898,820,16.6651,60.0293,66.685,-219.519,66.685,-219.519,1,25,18,24,0,0,0,0,0,
14098,832,16.6161,60.0293,66.685,-219.519,66.685,-219.519,1,25,18,24,0,0,0,0,0,
14314,845,16.7743,60.042,76.7127,-219.519,76.7127,-219.519,1,25,18,24,0,0,0,0,0,
14514,857,16.6433,60.042,76.7127,-219.519,76.7127,-219.519,1,25,18,24,0,0,0,0,0,
14731,870,16.4545,60.042,76.7127,-219.519,76.7127,-219.519,1,25,18,24,0,0,0,0,0,
14931,882,16.6011,60.042,76.7127,-219.519,76.7127,-219.519,1,25,18,24,0,0,0,0,0,
15147,895,16.428,60.042,76.7127,-219.519,76.7127,-219.519,1,25,18,24,0,0,0,0,0,
15364,908,17.1447,60.0043,100.018,-219.519,100.018,-219.519,1,25,18,24,0,0,0,0,0,
15581,921,16.8174,60.0043,100.018,-219.519,100.018,-219.519,1,25,18,24,0,0,0,0,0,
15781,933,17.2548,60.0043,83.2992,-219.519,83.2992,-219.519,1,25,18,24,0,0,0,0,0,
15997,946,16.4421,60.0043,73.3612,-219.519,73.3612,-219.519,1,25,18,24,0,0,0,0,0,
16214,959,16.7631,60.0043,63.3307,-219.519,63.3307,-219.519,1,25,18,24,0,0,0,0,0,
16430,972,16.2642,60.0533,46.2929,-219.519,46.2929,-219.519,1,25,18,24,0,0,0,0,0,
16630,984,16.5887,60.0533,46.2929,-219.519,46.2929,-219.519,1,25,18,24,0,0,0,0,0,
16847,997,16.54,60.0533,46.2929,-219.519,46.2929,-219.519,1,25,18,24,0,0,0,0,0,
17063,1010,16.5009,60.0533,46.2929,-219.519,46.2929,-219.519,1,25,18,24,0,0,0,0,0,
17263,1022,16.8479,60.0155,52.9568,-219.519,52.9568,-219.519,1,25,18,24,0,0,0,0,0,
17479,1035,16.6064,60.0155,56.39,-219.519,56.39,-219.519,1,25,18,24,0,0,0,0,0,
17679,1047,16.3913,60.0155,56.39,-219.519,56.39,-219.519,1,25,18,24,0,0,0,0,0,
17880,1059,16.7883,60.0155,66.4322,-219.519,66.4322,-219.519,1,25,18,24,0,0,0,0,0,
18096,1072,16.6775,60.0155,83.0781,-219.519,83.0781,-219.519,1,25,18,24,0,0,0,0,0,
18296,1084,16.8489,60.0379,83.0781,-219.519,83.0781,-219.519,1,25,18,24,0,0,0,0,0,
18512,1097,16.7735,60.0379,83.0781,-219.519,83.0781,-219.519,1,25,18,24,0,0,0,0,0,
18729,1110,16.8245,60.0379,83.0781,-219.519,83.0781,-219.519,1,25,18,24,0,0,0,0,0,
18945,1123,16.3648,60.0379,83.0781,-219.519,83.0781,-219.519,1,25,18,24,0,0,0,0,0,
19145,1135,16.6758,60.0379,83.0781,-239.665,83.0781,-239.665,1,25,18,24,0,0,0,0,0,
19347,1147,5.90786,60.0424,83.0781,-239.665,83.0781,-239.665,1,25,18,24,0,0,0,0,0,
19562,1160,16.4545,60.0424,83.0781,-266.277,83.0781,-266.277,1,25,18,24,0,0,0,0,0,
19762,1172,16.7251,60.0424,83.0781,-266.277,83.0781,-266.277,1,25,18,24,0,0,0,0,0,
19978,1185,16.435,60.0424,83.0781,-266.277,83.0781,-266.277,1,25,18,24,0,0,0,0,0,
20195,1198,16.4296,60.0424,83.0781,-243.009,83.0781,-243.009,1,25,18,24,0,0,0,0,0,
20411,1211,16.6686,59.9924,83.0781,-239.672,83.0781,-239.672,1,25,18,24,0,0,0,0,0,
20611,1223,17.1597,59.9924,83.0781,-239.672,83.0781,-239.672,1,25,18,24,0,0,0,0,0,
20812,1235,17.0338,59.9924,83.0781,-262.999,83.0781,-262.999,1,25,18,24,0,0,0,0,0,
21028,1248,16.6576,59.9924,83.0781,-262.999,83.0781,-262.999,1,25,18,24,0,0,0,0,0,
21244,1261,16.5909,59.9924,83.0781,-262.999,83.0781,-262.999,1,25,18,24,0,0,0,0,0,
21461,1274,17.1554,60.04,83.0781,-246.044,83.0781,-246.044,1,25,18,24,0,0,0,0,0,
21677,1287,16.3366,60.04,83.0781,-246.044,83.0781,-246.044,1,25,18,24,0,0,0,0,0,
21878,1299,16.6773,60.04,83.0781,-262.769,83.0781,-262.769,1,25,18,24,0,0,0,0,0,
22094,1312,16.5772,60.04,83.0781,-262.769,83.0781,-262.769,1,25,18,24,0,0,0,0,0,
22310,1325,16.6174,60.04,83.0781,-262.769,83.0781,-262.769,1,25,18,24,0,0,0,0,0,
22510,1337,16.1336,60.0865,83.0781,-262.769,83.0781,-262.769,1,25,18,24,0,0,0,0,0,
22711,1349,17.0842,60.0865,83.0781,-262.769,83.0781,-262.769,1,25,18,24,0,0,0,0,0,
22927,1362,16.689,60.0865,83.0781,-262.769,83.0781,-262.769,1,25,18,24,0,0,0,0,0,
23143,1375,16.6723,60.0865,83.0781,-262.769,83.0781,-262.769,1,25,18,24,0,0,0,0,0,
23371,1388,27.2931,59.9871,83.0781,-262.769,83.0781,-262.769,1,25,18,24,0,0,0,0,0,
23577,1401,16.746,59.9871,83.0781,-262.769,83.0781,-262.769,1,25,18,24,0,0,0,0,0,
23793,1414,16.8483,59.9871,83.0781,-262.769,83.0781,-262.769,1,25,18,24,0,0,0,0,0,
24009,1427,16.0449,59.9871,83.0781,-262.769,83.0781,-262.769,1,25,18,24,0,0,0,0,0,
24210,1439,16.7789,59.9871,83.0781,-262.769,83.0781,-262.769,1,25,18,24,0,0,0,0,0,
24425,1452,16.667,60.0277,83.0781,-262.769,83.0781,-262.769,1,25,18,24,0,0,0,0,0,
24626,1464,16.5147,60.0277,83.0781,-262.769,83.0781,-262.769,1,25,18,24,0,0,0,0,0,
24826,1476,16.5159,60.0277,83.0781,-262.769,83.0781,-262.769,1,25,18,24,0,0,0,0,0,
25042,1489,17.0232,60.0277,83.0781,-262.769,83.0781,-262.769,1,25,18,24,0,0,0,0,0,
25242,1501,16.6681,60.0277,83.0781,-246.089,83.0781,-246.089,1,25,18,24,0,0,0,0,0,
25459,1514,17.2331,60.0297,83.0781,-246.089,83.0781,-246.089,1,25,18,24,0,0,0,0,0,
25675,1527,16.6653,60.0297,83.0781,-246.089,83.0781,-246.089,1,25,18,24,0,0,0,0,0,
25892,1540,16.7993,60.0297,83.0781,-229.424,83.0781,-229.424,1,25,18,24,0,0,0,0,0,
26109,1553,16.8675,60.0297,83.0781,-229.424,83.0781,-229.424,1,25,18,24,0,0,0,0,0,
26325,1566,16.433,60.0297,63.0148,-229.424,63.0148,-229.424,1,25,18,24,0,0,0,0,0,
26525,1578,16.8986,60.0297,63.0148,-229.424,63.0148,-229.424,1,25,18,24,0,0,0,0,0,
26742,1591,16.959,60.0297,63.0148,-229.424,63.0148,-229.424,1,25,18,24,0,0,0,0,0,
26958,1604,16.5818,60.0297,49.6805,-229.424,49.6805,-229.424,1,25,18,24,0,0,0,0,0,
27174,1617,16.0954,60.0297,36.3036,-229.424,36.3036,-229.424,1,25,18,24,0,0,0,0,0,
27374,1629,16.9127,60.0297,36.3036,-229.424,36.3036,-229.424,1,25,18,24,0,0,0,0,0,
27575,1641,16.4371,60.0216,36.3036,-229.424,36.3036,-229.424,1,25,18,24,0,0,0,0,0,
27775,1653,16.6923,60.0216,36.3036,-229.424,36.3036,-229.424,1,25,18,24,0,0,0,0,0,
27991,1666,16.7915,60.0216,52.8896,-229.424,52.8896,-229.424,1,25,18,24,0,0,0,0,0,
28208,1679,16.7639,60.0216,52.8896,-229.424,52.8896,-229.424,1,25,18,24,0,0,0,0,0,
28424,1692,16.7512,60.0197,52.8896,-229.424,52.8896,-229.424,1,25,18,24,0,0,0,0,0,
28641,1705,16.7888,60.0197,52.8896,-229.424,52.8896,-229.424,1,25,18,24,0,0,0,0,0,
28841,1717,16.4177,60.0197,66.3951,-229.424,66.3951,-229.424,1,25,18,24,0,0,0,0,0,
29057,1730,17.1277,60.0197,66.3951,-229.424,66.3951,-229.424,1,25,18,24,0,0,0,0,0,
29274,1743,16.5481,60.0197,76.4492,-229.424,76.4492,-229.424,1,25,18,24,0,0,0,0,0,
29475,1755,6.71515,60.0301,76.4492,-229.424,76.4492,-229.424,1,25,18,24,0,0,0,0,0,
29690,1768,16.8825,60.0301,76.4492,-229.424,76.4492,-229.424,1,25,18,24,0,0,0,0,0,
29907,1781,16.6607,60.0301,76.4492,-229.424,76.4492,-229.424,1,25,18,24,0,0,0,0,0,
30107,1793,16.904,60.0301,76.4492,-229.424,76.4492,-229.424,1,25,18,24,0,0,0,0,0,
30323,1806,16.9013,60.0301,89.7458,-229.424,89.7458,-229.424,1,25,18,24,0,0,0,0,0,
30539,1819,16.6998,60.0678,86.4059,-229.424,86.4059,-229.424,1,25,18,24,0,0,0,0,0,
30739,1831,16.7926,60.0678,73.0981,-229.424,73.0981,-229.424,1,25,18,24,0,0,0,0,0,
30940,1843,16.9662,60.0678,73.0981,-229.424,73.0981,-229.424,1,25,18,24,0,0,0,0,0,
31156,1856,16.7337,60.0678,83.0447,-229.424,83.0447,-229.424,1,25,18,24,0,0,0,0,0,
31357,1868,16.9823,60.0678,86.3979,-229.424,86.3979,-229.424,1,25,18,24,0,0,0,0,0,
31573,1881,16.3736,59.9933,86.3979,-229.424,86.3979,-229.424,1,25,18,24,0,0,0,0,0,
31773,1893,16.7924,59.9933,83.0394,-229.424,83.0394,-229.424,1,25,18,24,0,0,0,0,0,
31989,1906,16.6647,59.9933,73.0271,-229.424,73.0271,-229.424,1,25,18,24,0,0,0,0,0,
32189,1918,17.0883,59.9933,73.0271,-229.424,73.0271,-229.424,1,25,18,24,0,0,0,0,0,
32405,1931,16.5642,59.9933,82.9694,-229.424,82.9694,-229.424,1,25,18,24,0,0,0,0,0,
32622,1944,16.6582,60.0509,82.9694,-229.424,82.9694,-229.424,1,25,18,24,0,0,0,0,0,
32839,1957,16.679,60.0509,82.9694,-229.424,82.9694,-229.424,1,25,18,24,0,0,0,0,0,
33055,1970,16.6597,60.0509,82.9694,-229.424,82.9694,-229.424,1,25,18,24,0,0,0,0,0,
33255,1982,16.553,60.0509,66.2834,-229.424,66.2834,-229.424,1,25,18,24,0,0,0,0,0,
33472,1995,17.0798,60.0048,66.2834,-229.424,66.2834,-229.424,1,25,18,24,0,0,0,0,0,
33688,2008,16.4042,60.0048,73.0659,-229.424,73.0659,-229.424,1,25,18,24,0,0,0,0,0,
33888,2020,16.595,60.0048,73.0659,-229.424,73.0659,-229.424,1,25,18,24,0,0,0,0,0,
34088,2032,16.6475,60.0048,73.0659,-229.424,73.0659,-229.424,1,25,18,24,0,0,0,0,0,
34305,2045,16.3925,60.0048,76.3444,-229.424,76.3444,-229.424,1,25,18,24,0,0,0,0,0,
34505,2057,17.0337,60.0386,79.7767,-229.424,79.7767,-229.424,1,25,18,24,0,0,0,0,0,
34721,2070,16.4018,60.0386,79.7767,-229.424,79.7767,-229.424,1,25,18,24,0,0,0,0,0,
34938,2083,16.8097,60.0386,79.7767,-229.424,79.7767,-229.424,1,25,18,24,0,0,0,0,0,
35155,2096,16.8422,60.0386,79.7767,-229.424,79.7767,-229.424,1,25,18,24,0,0,0,0,0,
35371,2109,16.5005,60.0386,79.7767,-229.424,79.7767,-229.424,1,25,18,24,0,0,0,0,0,
35587,2122,16.8321,60.0247,79.7767,-235.835,79.7767,-235.835,1,25,18,24,0,0,0,0,0,
35787,2134,16.168,60.0247,79.7767,-235.835,79.7767,-235.835,1,25,18,24,0,0,0,0,0,
35987,2146,16.4859,60.0247,79.7767,-245.828,79.7767,-245.828,1,25,18,24,0,0,0,0,0,
36188,2158,16.7776,60.0247,79.7767,-255.847,79.7767,-255.847,1,25,18,24,0,0,0,0,0,
36403,2171,16.3654,60.0247,79.7767,-255.847,79.7767,-255.847,1,25,18,24,0,0,0,0,0,
36620,2184,16.8652,60.0271,79.7767,-255.847,79.7767,-255.847,1,25,18,24,0,0,0,0,0,
36821,2196,17.0643,60.0271,79.7767,-255.847,79.7767,-255.847,1,25,18,24,0,0,0,0,0,
37037,2209,16.9534,60.0271,79.7767,-255.847,79.7767,-255.847,1,25,18,24,0,0,0,0,0,
37253,2222,16.347,60.0271,79.7767,-255.847,79.7767,-255.847,1,25,18,24,0,0,0,0,0,
37453,2234,16.9433,60.0271,79.7767,-255.847,79.7767,-255.847,1,25,18,24,0,0,0,0,0,
37670,2247,17.0878,60.0182,79.7767,-255.847,79.7767,-255.847,1,25,18,24,0,0,0,0,0,
37870,2259,16.4781,60.0182,79.7767,-255.847,79.7767,-255.847,1,25,18,24,0,0,0,0,0,
38086,2272,16.5717,60.0182,79.7767,-255.847,79.7767,-255.847,1,25,18,24,0,0,0,0,0,
38286,2284,16.4797,60.0182,79.7767,-255.847,79.7767,-255.847,1,25,18,24,0,0,0,0,0,
38503,2297,16.4869,60.0182,79.7767,-255.847,79.7767,-255.847,1,25,18,24,0,0,0,0,0,
38719,2310,16.9084,60.0354,79.7767,-255.847,79.7767,-255.847,1,25,18,24,0,0,0,0,0,
38936,2323,16.8285,60.0354,79.7767,-265.847,79.7767,-265.847,1,25,18,24,0,0,0,0,0,
39136,2335,17.194,60.0354,79.7767,-265.847,79.7767,-265.847,1,25,18,24,0,0,0,0,0,
39352,2348,16.5458,60.0354,79.7767,-265.847,79.7767,-265.847,1,25,18,24,0,0,0,0,0,
39569,2361,16.9941,60.0255,79.7767,-265.847,79.7767,-265.847,1,25,18,24,0,0,0,0,0,
39769,2373,16.9395,60.0255,79.7767,-265.847,79.7767,-265.847,1,25,18,24,0,0,0,0,0,
39985,2386,16.9862,60.0255,79.7767,-265.847,79.7767,-265.847,1,25,18,24,0,0,0,0,0,
40202,2399,16.4228,60.0255,79.7767,-265.847,79.7767,-265.847,1,25,18,24,0,0,0,0,0,
40402,2411,16.5605,60.0255,79.7767,-265.847,79.7767,-265.847,1,25,18,24,0,0,0,0,0,
40628,2424,26.5553,60.0332,79.7767,-252.494,79.7767,-252.494,1,25,18,24,0,0,0,0,0,
40835,2437,16.4899,60.0332,79.7767,-252.494,79.7767,-252.494,1,25,18,24,0,0,0,0,0,
41035,2449,16.6283,60.0332,79.7767,-252.494,79.7767,-252.494,1,25,18,24,0,0,0,0,0,
41251,2462,16.7089,60.0332,79.7767,-252.494,79.7767,-252.494,1,25,18,24,0,0,0,0,0,
41468,2475,16.6766,60.0332,79.7767,-252.494,79.7767,-252.494,1,25,18,24,0,0,0,0,0,
41669,2487,18.3929,60.0408,79.7767,-259.203,79.7767,-259.203,1,25,18,24,0,0,0,0,0,
41884,2500,16.6181,60.0408,79.7767,-259.203,79.7767,-259.203,1,25,18,24,0,0,0,0,0,
42084,2512,16.4062,60.0408,79.7767,-259.203,79.7767,-259.203,1,25,18,24,0,0,0,0,0,
42301,2525,16.6451,60.0408,79.7767,-259.203,79.7767,-259.203,1,25,18,24,0,0,0,0,0,
42501,2537,16.9486,60.0408,79.7767,-259.203,79.7767,-259.203,1,25,18,24,0,0,0,0,0,
42717,2550,17.4616,60.0047,79.7767,-259.203,79.7767,-259.203,1,25,18,24,0,0,0,0,0,
42934,2563,17.0663,60.0047,79.7767,-259.203,79.7767,-259.203,1,25,18,24,0,0,0,0,0,
43151,2576,16.9095,60.0047,79.7767,-259.203,79.7767,-259.203,1,25,18,24,0,0,0,0,0,
43367,2589,16.4829,60.0047,79.7767,-259.203,79.7767,-259.203,1,25,18,24,0,0,0,0,0,
43567,2601,16.6695,60.0047,79.7767,-259.203,79.7767,-259.203,1,25,18,24,0,0,0,0,0,
43783,2614,16.7108,60.0598,79.7767,-259.203,79.7767,-259.203,1,25,18,24,0,0,0,0,0,
43999,2627,16.0909,60.0598,79.7767,-259.203,79.7767,-259.203,1,25,18,24,0,0,0,0,0,
44200,2639,16.7807,60.0598,79.7767,-259.203,79.7767,-259.203,1,25,18,24,0,0,0,0,0,
44416,2652,16.6425,60.0598,79.7767,-259.203,79.7767,-259.203,1,25,18,24,0,0,0,0,0,
44617,2664,16.761,60.0598,79.7767,-259.203,79.7767,-259.203,1,25,18,24,0,0,0,0,0,
44833,2677,16.6294,60.0006,79.7767,-259.203,79.7767,-259.203,1,25,18,24,0,0,0,0,0,
45049,2690,16.7683,60.0006,79.7767,-259.203,79.7767,-259.203,1,25,18,24,0,0,0,0,0,
45266,2703,16.9258,60.0006,79.7767,-259.203,79.7767,-259.203,1,25,18,24,0,0,0,0,0,
45482,2716,17.069,60.0006,79.7767,-259.203,79.7767,-259.203,1,25,18,24,0,0,0,0,0,
45683,2728,16.689,60.039,79.7767,-259.203,79.7767,-259.203,1,25,18,24,0,0,0,0,0,
45899,2741,16.4202,60.039,79.7767,-259.203,79.7767,-259.203,1,25,18,24,0,0,0,0,0,
46115,2754,16.5495,60.039,79.7767,-259.203,79.7767,-259.203,1,25,18,24,0,0,0,0,0,
46332,2767,17.0429,60.039,79.7767,-259.203,79.7767,-259.203,1,25,18,24,0,0,0,0,0,
46532,2779,16.9381,60.039,79.7767,-259.203,79.7767,-259.203,1,25,18,24,0,0,0,0,0,
46748,2792,16.0179,60.0655,79.7767,-259.203,79.7767,-259.203,1,25,18,24,0,0,0,0,0,
46949,2804,16.4895,60.0655,79.7767,-259.203,79.7767,-259.203,1,25,18,24,0,0,0,0,0,
47165,2817,16.8497,60.0655,79.7767,-259.203,79.7767,-259.203,1,25,18,24,0,0,0,0,0,
47382,2830,16.6642,60.0655,79.7767,-259.203,79.7767,-259.203,1,25,18,24,0,0,0,0,0,
47598,2843,16.8974,60.0655,79.7767,-259.203,79.7767,-259.203,1,25,18,24,0,0,0,0,0,
47815,2856,17.5025,59.9862,79.7767,-259.203,79.7767,-259.203,1,25,18,24,0,0,0,0,0,
48032,2869,17.1544,59.9862,79.7767,-259.203,79.7767,-259.203,1,25,18,24,0,0,0,0,0,
48248,2882,16.5589,59.9862,79.7767,-259.203,79.7767,-259.203,1,25,18,24,0,0,0,0,0,
48448,2894,16.7684,59.9862,79.7767,-259.203,79.7767,-259.203,1,25,18,24,0,0,0,0,0,
48664,2907,16.6074,59.9862,79.7767,-259.203,79.7767,-259.203,1,25,18,24,0,0,0,0,0,
48881,2920,16.9381,60.0498,79.7767,-259.203,79.7767,-259.203,1,25,18,24,0,0,0,0,0,
49097,2933,16.4635,60.0498,79.7767,-259.203,79.7767,-259.203,1,25,18,24,0,0,0,0,0,
49297,2945,16.461,60.0498,79.7767,-259.203,79.7767,-259.203,1,25,18,24,0,0,0,0,0,
49498,2957,16.9341,60.0498,79.7767,-259.203,79.7767,-259.203,1,25,18,24,0,0,0,0,0,
49733,2966,100,55.0416,79.7767,-259.203,79.7767,-259.203,1,25,18,24,0,0,0,0,0,
49947,2983,16.374,55.0416,79.7767,-259.203,79.7767,-259.203,1,25,18,24,0,0,0,0,0,
50147,2995,16.5298,55.0416,79.7767,-259.203,79.7767,-259.203,1,25,18,24,0,0,0,0,0,
50364,3008,16.7031,55.0416,79.7767,-259.203,79.7767,-259.203,1,25,18,24,0,0,0,0,0,
50564,3020,17.1011,55.0416,79.7767,-259.203,79.7767,-259.203,1,25,18,24,0,0,0,0,0,
50764,3032,17.0084,64.1263,79.7767,-259.203,79.7767,-259.203,1,25,18,24,0,0,0,0,0,
50980,3045,16.7318,64.1263,79.7767,-259.203,79.7767,-259.203,1,25,18,24,0,0,0,0,0,
51180,3057,16.5979,64.1263,79.7767,-259.203,79.7767,-259.203,1,25,18,24,0,0,0,0,0,
51396,3070,16.5007,64.1263,79.7767,-259.203,79.7767,-259.203,1,25,18,24,0,0,0,0,0,
51597,3082,17.7259,64.1263,79.7767,-259.203,79.7767,-259.203,1,25,18,24,0,0,0,0,0,
51813,3094,32.9596,60.0086,79.7767,-259.203,79.7767,-259.203,1,25,18,24,0,0,0,0,0,
52029,3108,16.7651,60.0086,79.7767,-259.203,79.7767,-259.203,1,25,18,24,0,0,0,0,0,
52237,3120,24.7322,60.0086,79.7767,-259.203,79.7767,-259.203,1,25,18,24,0,0,0,0,0,
52445,3133,16.8285,60.0086,79.7767,-259.203,79.7767,-259.203,1,25,18,24,0,0,0,0,0,
52647,3145,17.0368,60.0086,79.7767,-259.203,79.7767,-259.203,1,25,18,24,0,0,0,0,0,
