t_ms,frame,dt_ms,fps_smooth,boat_x,boat_y,cam_x,cam_y,culling_enabled,radius_tiles,chunks_visible,chunks_loaded_total,chunks_load_started,chunks_load_finished,chunks_unload_started,chunks_unload_finished,load_queue_len,note
34,0,34.9652,0,0,0,0,0,1,25,18,18,18,18,0,0,0,chunk_loads
358,1,100,0,0,0,0,0,1,25,18,18,0,0,0,0,0,
560,15,16.4461,0,0,0,0,0,1,25,18,18,0,0,0,0,0,
760,27,16.6665,0,0,0,0,0,1,25,18,18,0,0,0,0,0,
976,40,16.5923,0,0,0,0,0,1,25,18,18,0,0,0,0,0,
1193,53,16.6632,42.5818,0,0,0,0,1,25,18,18,0,0,0,0,0,
1393,65,16.865,42.5818,0,0,0,0,1,25,18,18,0,0,0,0,0,
1609,78,16.7792,42.5818,0,0,0,0,1,25,18,18,0,0,0,0,0,
1826,91,16.5582,42.5818,0,0,0,0,1,25,18,18,0,0,0,0,0,
2042,104,16.7413,60.0221,0,0,0,0,1,25,18,18,0,0,0,0,0,
2259,117,16.466,60.0221,0,0,0,0,1,25,18,18,0,0,0,0,0,
2475,130,16.7756,60.0221,0,0,0,0,1,25,18,18,0,0,0,0,0,
2692,143,16.6811,60.0221,0,0,0,0,1,25,18,18,0,0,0,0,0,
2908,156,16.7375,60.0221,0,0,0,0,1,25,18,18,0,0,0,0,0,
3124,169,16.7102,60.0385,0,0,0,0,1,25,18,18,0,0,0,0,0,
3325,181,16.808,60.0385,0,0,0,0,1,25,18,18,0,0,0,0,0,
3541,194,16.6747,60.0385,0,0,0,0,1,25,18,18,0,0,0,0,0,
3757,207,16.5126,60.0385,0,0,0,0,1,25,18,18,0,0,0,0,0,
3958,219,17.0423,60.0385,0,0,0,0,1,25,18,18,0,0,0,0,0,
4174,232,16.7151,59.9651,0,0,0,0,1,25,18,18,0,0,0,0,0,
4390,245,16.5735,59.9651,0,0,0,0,1,25,18,18,0,0,0,0,0,
4607,258,16.6288,59.9651,0,0,0,0,1,25,18,18,0,0,0,0,0,
4808,270,18.1486,59.9651,0,0,0,0,1,25,18,18,0,0,0,0,0,
5024,283,16.9884,59.9651,0,0,0,0,1,25,18,18,0,0,0,0,0,
5240,296,16.6567,60.0867,0,0,0,0,1,25,18,18,0,0,0,0,0,
5441,308,16.9262,60.0867,0,0,0,0,1,25,18,18,0,0,0,0,0,
5657,321,16.5293,60.0867,0,0,0,0,1,25,18,18,0,0,0,0,0,
5857,333,16.8896,60.0867,0,0,0,0,1,25,18,18,0,0,0,0,0,
6074,346,16.6141,60.0867,0,0,0,0,1,25,18,18,0,0,0,0,0,
6290,359,16.6871,60.0252,0,0,0,0,1,25,18,18,0,0,0,0,0,
6507,372,16.6646,60.0252,0,0,0,0,1,25,18,18,0,0,0,0,0,
6723,385,16.5917,60.0252,0,0,0,0,1,25,18,18,0,0,0,0,0,
6923,397,16.6906,60.0252,0,0,0,0,1,25,18,18,0,0,0,0,0,
7148,410,24.5638,60.039,0,0,0,0,1,25,18,18,0,0,0,0,0,
7356,423,16.9893,60.039,0,0,0,0,1,25,18,18,0,0,0,0,0,
7556,435,16.5304,60.039,0,0,0,0,1,25,18,18,0,0,0,0,0,
7756,447,16.7744,60.039,0,0,0,0,1,25,18,18,0,0,0,0,0,
7973,460,16.6097,60.039,0,0,0,0,1,25,18,18,0,0,0,0,0,
8188,473,16.6884,60.0196,0,0,0,0,1,25,18,18,0,0,0,0,0,
8389,485,16.6099,60.0196,0,0,0,0,1,25,18,18,0,0,0,0,0,
8589,497,16.8672,60.0196,0,0,0,0,1,25,18,18,0,0,0,0,0,
8805,510,16.5295,60.0196,0,0,0,0,1,25,18,18,0,0,0,0,0,
9022,523,16.7378,60.0196,0,0,0,0,1,25,18,18,0,0,0,0,0,
9238,536,16.7028,60.0355,0,0,0,0,1,25,18,18,0,0,0,0,0,
9454,549,16.5875,60.0355,0,0,0,0,1,25,18,18,0,0,0,0,0,
9671,562,16.6389,60.0355,0,0,0,0,1,25,18,18,0,0,0,0,0,
9888,575,16.8973,60.0355,0,0,0,0,1,25,18,18,0,0,0,0,0,
10088,587,16.5132,60.0355,0,0,0,0,1,25,18,18,0,0,0,0,0,
10294,599,22.8931,60.0108,0,0,0,0,1,25,18,18,0,0,0,0,0,
10505,612,16.5074,60.0108,0,0,0,0,1,25,18,18,0,0,0,0,0,
10721,625,16.7676,60.0108,0,0,0,0,1,25,18,18,0,0,0,0,0,
10937,638,16.3397,60.0108,0,0,0,0,1,25,18,18,0,0,0,0,0,
11138,650,16.7085,60.0108,0,0,0,0,1,25,18,18,0,0,0,0,0,
11354,663,16.7182,60.0574,0,0,0,0,1,25,18,18,0,0,0,0,0,
11570,676,16.4583,60.0574,0,0,0,0,1,25,18,18,0,0,0,0,0,
11772,688,17.9892,60.0574,0,0,0,0,1,25,18,18,0,0,0,0,0,
11987,701,16.8079,60.0574,0,0,0,0,1,25,18,18,0,0,0,0,0,
12203,714,16.7254,60.0672,0,0,0,0,1,25,18,18,0,0,0,0,0,
12404,726,16.7526,60.0672,0,0,0,0,1,25,18,18,0,0,0,0,0,
12604,738,16.7077,60.0672,0,0,0,0,1,25,18,18,0,0,0,0,0,
12804,750,16.6047,60.0672,0,0,0,0,1,25,18,18,0,0,0,0,0,
13020,763,16.5939,60.0672,0,0,0,0,1,25,18,18,0,0,0,0,0,
13237,776,17.1265,60.0194,0,0,0,0,1,25,18,18,0,0,0,0,0,
13453,789,16.6449,60.0194,0,0,0,0,1,25,18,18,0,0,0,0,0,
13670,802,16.7534,60.0194,0,0,0,0,1,25,18,18,0,0,0,0,0,
13887,815,16.6463,60.0194,0,0,0,0,1,25,18,18,0,0,0,0,0,
14103,828,16.7705,60.0194,0,0,0,0,1,25,18,18,0,0,0,0,0,
14320,841,17.175,59.9911,0,0,0,0,1,25,18,18,0,0,0,0,0,
14536,854,16.7843,59.9911,0,0,0,0,1,25,18,18,0,0,0,0,0,
14753,867,16.7839,59.9911,0,0,0,0,1,25,18,18,0,0,0,0,0,
14969,880,16.5723,59.9911,0,0,0,0,1,25,18,18,0,0,0,0,0,
15186,893,16.7367,59.9911,0,0,0,0,1,25,18,18,0,0,0,0,0,
15402,906,16.5551,59.9994,0,-13.2663,0,0,1,25,18,18,0,0,0,0,0,
15586,917,16.5731,59.9994,0,-49.9454,0,-2.42253,1,25,18,24,6,6,0,0,0,chunk_loads
15688,918,100,59.9994,0,-69.9454,0,-19.9232,1,25,18,24,0,0,0,0,0,
15902,936,16.7797,59.9994,0,-112.841,0,-55.6843,1,25,18,24,0,0,0,0,0,
16119,949,16.4944,59.9994,0,-156.123,0,-95.2131,1,25,18,24,0,0,0,0,0,
16335,962,16.607,60.0505,0,-199.334,0,-136.501,1,25,18,24,0,0,0,0,0,
16535,974,16.6863,60.0505,0,-239.434,0,-175.616,1,25,18,24,0,0,0,0,0,
16752,987,16.8136,60.0505,0,-282.777,0,-218.388,1,25,18,24,0,0,0,0,0,
16968,1000,16.5655,60.0505,0,-326.055,0,-261.367,1,25,18,24,0,0,0,0,0,
17168,1012,16.8228,60.0505,0,-366.078,0,-301.243,1,25,18,24,0,0,0,0,0,
17385,1025,16.5072,60.0739,0,-409.36,0,-344.44,1,25,18,24,0,0,0,0,0,
17601,1038,16.6116,60.0739,0,-452.668,0,-387.703,1,25,18,24,0,0,0,0,0,
17818,1051,16.6775,60.0739,0,-496.002,0,-431.013,1,25,18,24,0,0,0,0,0,
18034,1064,16.6614,60.0739,0,-539.283,0,-474.281,1,25,18,24,0,0,0,0,0,
18251,1077,16.4176,59.9982,0,-582.563,0,-517.554,1,25,18,24,0,0,0,0,0,
18451,1089,16.7038,59.9982,0,-622.587,0,-557.598,1,25,18,24,0,0,0,0,0,
18668,1102,16.9668,59.9982,0,-665.98,0,-600.98,1,25,18,24,0,0,0,0,0,
18884,1115,16.8368,59.9982,0,-709.265,0,-644.259,1,25,18,24,0,0,0,0,0,
19101,1128,16.5118,59.9982,0,-752.511,0,-687.499,1,25,18,24,0,0,0,0,0,
19308,1140,24.3215,60.0208,0,-794.083,0,-729.125,1,25,18,24,0,0,0,0,0,
19517,1153,16.4697,60.0208,0,-835.806,0,-770.811,1,25,18,24,0,0,0,0,0,
19734,1166,16.725,60.0208,0,-842.492,0,-796.683,1,25,18,24,0,0,0,0,0,
19950,1179,16.7727,60.0208,0,-842.492,0,-796.683,1,25,18,24,0,0,0,0,0,
20167,1192,16.5644,60.0208,0,-842.492,0,-796.683,1,25,18,24,0,0,0,0,0,
20367,1204,16.8968,60.0241,-16.6802,-842.492,-0.824454,-798.947,1,25,18,30,6,6,0,0,0,chunk_loads
20367,1204,16.8968,60.0241,-16.6802,-842.492,-0.824454,-798.947,1,25,18,30,6,6,0,0,0,
20471,1205,100,60.0241,-36.6802,-842.492,-10.1176,-810.233,1,25,18,36,6,6,0,0,0,chunk_loads
20582,1213,16.4393,60.0241,-59.0511,-842.492,-19.944,-817.692,1,25,18,36,0,0,0,0,0,
20783,1225,16.8057,60.0241,-99.1935,-842.492,-48.3695,-828.911,1,25,18,36,0,0,0,0,0,
21000,1238,16.7852,60.0241,-142.521,-842.492,-84.9151,-835.401,1,25,18,36,0,0,0,0,0,
21216,1251,16.7447,60.0241,-185.829,-842.492,-124.684,-838.789,1,25,18,36,0,0,0,0,0,
21433,1264,16.7733,56.0929,-229.11,-842.492,-166.155,-840.558,1,25,18,36,0,0,0,0,0,
21649,1277,16.6152,56.0929,-272.432,-842.492,-208.493,-841.482,1,25,18,36,0,0,0,0,0,
21866,1290,16.6762,56.0929,-315.735,-842.492,-251.282,-841.965,1,25,18,36,0,0,0,0,0,
22083,1303,17.1271,56.0929,-359.117,-842.492,-294.397,-842.217,1,25,18,36,0,0,0,0,0,
22299,1316,16.4991,56.0929,-402.41,-842.492,-337.55,-842.348,1,25,18,36,0,0,0,0,0,
22516,1329,16.845,60.0221,-445.71,-842.492,-380.803,-842.417,1,25,18,36,0,0,0,0,0,
22732,1342,16.5289,60.0221,-488.984,-842.492,-424.025,-842.453,1,25,18,36,0,0,0,0,0,
22932,1354,16.937,60.0221,-515.639,-842.492,-462.487,-842.471,1,25,18,36,0,0,0,0,0,
23149,1367,16.4554,60.0221,-515.639,-859.171,-472.046,-843.278,1,25,18,36,0,0,0,0,0,
23373,1380,24.3299,60.0299,-515.639,-904.035,-491.048,-862.806,1,25,18,36,0,0,0,0,0,
23582,1393,16.7136,60.0299,-515.639,-945.772,-502.49,-893.466,1,25,18,36,0,0,0,0,0,
23782,1405,17.0531,60.0299,-515.639,-985.818,-508.428,-927.775,1,25,18,36,0,0,0,0,0,
23998,1418,16.7445,60.0299,-502.292,-1015.74,-510.319,-966.161,1,25,18,36,0,0,0,0,0,
24215,1431,16.5871,60.0299,-459.014,-1015.74,-495.603,-987.108,1,25,18,36,0,0,0,0,0,
24432,1444,17.2655,60.0162,-415.646,-1015.74,-465.825,-1000.8,1,25,18,36,0,0,0,0,0,
24648,1457,16.6644,60.0162,-372.365,-1015.74,-429.629,-1007.93,1,25,18,36,0,0,0,0,0,
24848,1469,16.6551,60.0162,-332.361,-1015.74,-393.121,-1011.45,1,25,18,36,0,0,0,0,0,
25064,1482,16.7921,60.0162,-289.068,-1015.74,-351.861,-1013.5,1,25,18,36,0,0,0,0,0,
25281,1495,16.4833,60.0162,-245.791,-1015.74,-309.646,-1014.57,1,25,18,36,0,0,0,0,0,
25497,1508,16.6971,60.0459,-202.464,-1015.74,-266.847,-1015.13,1,25,18,36,0,0,0,0,0,
25714,1521,16.7864,60.0459,-159.137,-1015.74,-223.821,-1015.42,1,25,18,36,0,0,0,0,0,
25930,1534,16.5864,60.0459,-115.861,-1015.74,-180.704,-1015.57,1,25,18,36,0,0,0,0,0,
26147,1547,16.8468,60.0459,-72.5185,-1015.74,-137.443,-1015.65,1,25,18,36,0,0,0,0,0,
26364,1560,16.7913,60.0459,-29.2034,-1015.74,-94.1707,-1015.69,1,25,18,36,0,0,0,0,0,
26580,1573,16.4661,60.0354,14.0829,-1015.74,-50.8846,-1015.71,1,25,18,36,0,0,0,0,0,
26797,1586,16.8101,60.0354,57.4406,-1015.74,-7.54858,-1015.72,1,25,18,36,0,0,0,0,0,
26847,1589,16.5254,60.0354,67.4004,-1015.74,2.40689,-1015.73,1,25,18,38,2,2,0,0,0,chunk_loads
27013,1599,16.707,60.0354,100.737,-1015.74,36.1064,-1015.73,1,25,18,38,0,0,0,0,0,
27230,1612,16.62,60.0354,144.059,-1015.74,79.2452,-1015.73,1,25,18,38,0,0,0,0,0,
27438,1624,24.3609,60.021,185.581,-1015.74,120.727,-1015.74,1,25,18,38,0,0,0,0,0,
27647,1637,16.7372,60.021,227.346,-1015.74,162.409,-1015.74,1,25,18,38,0,0,0,0,0,
27863,1650,16.4759,60.021,270.618,-1015.74,205.643,-1015.74,1,25,18,38,0,0,0,0,0,
28080,1663,17.1768,60.021,296.153,-986.826,245.675,-1008.96,1,25,18,38,0,0,0,0,0,
28296,1676,16.4946,60.021,296.153,-943.598,269.759,-986.194,1,25,18,38,0,0,0,0,0,
28512,1689,16.6797,60.0296,296.153,-900.403,282.345,-953.658,1,25,18,38,0,0,0,0,0,
28712,1701,16.413,60.0296,296.153,-860.323,288.584,-918.891,1,25,18,38,0,0,0,0,0,
28913,1713,16.5621,60.0296,296.153,-820.309,292,-881.786,1,25,18,38,0,0,0,0,0,
29129,1726,16.7368,60.0296,296.153,-776.982,293.985,-840.149,1,25,18,38,0,0,0,0,0,
29346,1739,16.7131,60.0296,296.153,-733.69,295.02,-797.74,1,25,18,38,0,0,0,0,0,
29562,1752,17.2359,60.034,296.153,-690.371,295.561,-754.849,1,25,18,38,0,0,0,0,0,
29779,1765,16.6026,60.034,318.887,-664.298,299.989,-714.441,1,25,18,38,0,0,0,0,0,
29979,1777,16.5164,60.034,358.891,-664.298,319.184,-691.816,1,25,18,38,0,0,0,0,0,
30195,1790,16.7467,60.034,402.202,-664.298,350.404,-678.668,1,25,18,38,0,0,0,0,0,
30412,1803,16.7917,60.034,445.528,-664.298,387.414,-671.801,1,25,18,38,0,0,0,0,0,
30628,1816,16.7089,60.0339,488.854,-664.298,427.465,-668.216,1,25,18,38,0,0,0,0,0,
30845,1829,16.6012,60.0339,532.154,-664.298,469.033,-666.344,1,25,18,38,0,0,0,0,0,
31062,1842,16.7345,60.0339,575.468,-664.298,511.442,-665.367,1,25,18,38,0,0,0,0,0,
31278,1855,16.6609,60.0339,618.799,-664.298,554.301,-664.856,1,25,18,38,0,0,0,0,0,
31503,1868,24.9218,60.0302,663.754,-664.298,599.062,-664.583,1,25,18,38,0,0,0,0,0,
31711,1881,16.5141,60.0302,705.371,-664.298,640.518,-664.451,1,25,18,38,0,0,0,0,0,
31911,1893,16.9436,60.0302,745.407,-664.298,680.482,-664.382,1,25,18,38,0,0,0,0,0,
32128,1906,16.9145,60.0302,788.73,-664.298,723.763,-664.342,1,25,18,38,0,0,0,0,0,
32345,1919,17.1531,60.0302,831.088,-661.872,767.055,-664.199,1,25,18,38,0,0,0,0,0,
32561,1932,16.7467,60.0306,831.088,-618.664,796.888,-651.399,1,25,18,38,0,0,0,0,0,
32594,1934,17.1049,60.0306,831.088,-611.956,800.162,-647.78,1,25,18,44,6,6,0,0,0,chunk_loads
32777,1945,16.9739,60.0306,831.088,-576.601,812.668,-623.259,1,25,18,44,0,0,0,0,0,
32977,1957,16.5511,60.0306,831.088,-536.589,820.981,-591.531,1,25,18,44,0,0,0,0,0,
33194,1970,16.6983,60.0306,831.088,-493.272,825.81,-553.027,1,25,18,44,0,0,0,0,0,
33410,1983,16.535,60.0306,831.088,-449.967,828.332,-512.235,1,25,18,44,0,0,0,0,0,
33627,1996,16.5571,60.0218,831.088,-406.665,829.649,-470.221,1,25,18,44,0,0,0,0,0,
33844,2009,16.8001,60.0218,831.088,-363.33,830.337,-427.583,1,25,18,44,0,0,0,0,0,
34059,2022,16.3354,60.0218,831.088,-320.156,830.695,-384.775,1,25,18,44,0,0,0,0,0,
34260,2034,16.8184,60.0218,831.088,-290.021,830.873,-345.752,1,25,18,44,0,0,0,0,0,
34477,2047,17.0394,60.0218,831.088,-290.021,830.903,-337.989,1,25,18,44,0,0,0,0,0,
34693,2060,16.5968,60.0112,831.088,-290.021,830.903,-337.989,1,25,18,44,0,0,0,0,0,
34910,2073,16.7661,60.0112,831.088,-290.021,830.903,-337.989,1,25,18,44,0,0,0,0,0,
35110,2085,16.8835,60.0112,831.088,-290.021,831.088,-290.021,1,25,18,44,0,0,0,0,0,
35326,2098,16.7789,60.0112,831.088,-290.021,831.088,-290.021,1,25,18,44,0,0,0,0,0,
35543,2111,16.7152,60.0486,831.088,-290.021,831.088,-290.021,1,25,18,44,0,0,0,0,0,
35759,2124,16.6917,60.0486,831.088,-290.021,831.088,-290.021,1,25,18,44,0,0,0,0,0,
35976,2137,16.81,60.0486,831.088,-290.021,831.088,-290.021,1,25,18,44,0,0,0,0,0,
36192,2150,16.4635,60.0486,831.088,-290.021,831.088,-290.021,1,25,18,44,0,0,0,0,0,
36393,2162,16.707,60.0486,831.088,-323.354,831.088,-323.354,1,25,18,44,0,0,0,0,0,
36610,2175,17.6638,60.0311,831.088,-366.757,831.088,-366.757,1,25,18,44,0,0,0,0,0,
36825,2188,16.6382,60.0311,831.088,-403.31,831.088,-403.31,1,25,18,44,0,0,0,0,0,
37042,2201,16.8082,60.0311,831.088,-383.334,831.088,-383.334,1,25,18,44,0,0,0,0,0,
37258,2214,16.5519,60.0311,831.088,-340.055,831.088,-340.055,1,25,18,44,0,0,0,0,0,
37475,2227,16.8203,60.0311,831.088,-296.716,831.088,-296.716,1,25,18,44,0,0,0,0,0,
37692,2240,16.9121,60.0216,831.088,-253.396,831.088,-253.396,1,25,18,44,0,0,0,0,0,
37908,2253,16.5499,60.0216,831.088,-210.108,831.088,-210.108,1,25,18,44,0,0,0,0,0,
38125,2266,16.6154,60.0216,831.088,-166.789,831.088,-166.789,1,25,18,44,0,0,0,0,0,
38341,2279,16.637,60.0216,831.088,-123.492,831.088,-123.492,1,25,18,44,0,0,0,0,0,
38558,2292,16.8281,60.0216,831.088,-80.1365,831.088,-80.1365,1,25,18,44,0,0,0,0,0,
38775,2305,16.7304,60.0242,831.088,-36.8447,831.088,-36.8447,1,25,18,44,0,0,0,0,0,
38974,2317,16.7388,60.0242,831.088,3.13683,831.088,3.13683,1,25,18,46,2,2,0,0,0,chunk_loads
39028,2318,53.3599,60.0242,831.088,13.8088,831.088,13.8088,1,25,18,46,0,0,0,0,0,
39241,2333,16.6353,60.0242,831.088,56.4206,831.088,56.4206,1,25,18,46,0,0,0,0,0,
39441,2345,16.8122,60.0242,831.088,96.4377,831.088,96.4377,1,25,18,46,0,0,0,0,0,
39657,2358,15.9953,60.0418,831.088,139.567,831.088,139.567,1,25,18,46,0,0,0,0,0,
39857,2370,16.6611,60.0418,831.088,179.692,831.088,179.692,1,25,18,46,0,0,0,0,0,
40074,2383,16.7011,60.0418,831.088,223.023,831.088,223.023,1,25,18,46,0,0,0,0,0,
40291,2396,16.8209,60.0418,831.088,239.675,831.088,239.675,1,25,18,46,0,0,0,0,0,
40507,2409,16.5168,60.0418,831.088,239.675,831.088,239.675,1,25,18,46,0,0,0,0,0,
40723,2422,17.0007,60.0322,831.088,239.675,831.088,239.675,1,25,18,46,0,0,0,0,0,
40923,2434,16.6609,60.0322,831.088,239.675,831.088,239.675,1,25,18,46,0,0,0,0,0,
41140,2447,16.6996,60.0322,831.088,239.675,831.088,239.675,1,25,18,46,0,0,0,0,0,
41357,2460,16.9832,60.0322,831.088,239.675,831.088,239.675,1,25,18,46,0,0,0,0,0,
41573,2473,16.6557,60.0322,831.088,239.675,831.088,239.675,1,25,18,46,0,0,0,0,0,
41790,2486,16.612,60.0117,831.088,239.675,831.088,239.675,1,25,18,46,0,0,0,0,0,
41990,2498,16.6732,60.0117,831.088,239.675,831.088,239.675,1,25,18,46,0,0,0,0,0,
42206,2511,16.7338,60.0117,831.088,239.675,831.088,239.675,1,25,18,46,0,0,0,0,0,
42423,2524,16.6583,60.0117,831.088,239.675,831.088,239.675,1,25,18,46,0,0,0,0,0,
42639,2537,16.5068,60.0467,831.088,239.675,831.088,239.675,1,25,18,46,0,0,0,0,0,
42839,2549,16.6037,60.0467,831.088,239.675,831.088,239.675,1,25,18,46,0,0,0,0,0,
42889,2552,16.5513,60.0467,831.088,239.675,831.088,239.675,1,0,0,46,0,0,0,0,0,radius_change
43056,2562,16.4878,60.0467,831.088,239.675,831.088,239.675,1,0,2,46,0,0,0,0,0,
43256,2574,16.577,60.0467,831.088,239.675,831.088,239.675,1,0,2,46,0,0,0,0,0,
43472,2587,16.6723,60.0467,831.088,239.675,831.088,239.675,1,0,2,46,0,0,0,0,0,
43697,2600,24.7768,60.0301,831.088,239.675,831.088,239.675,1,0,2,46,0,0,0,0,0,
43905,2613,16.7063,60.0301,831.088,239.675,831.088,239.675,1,0,2,46,0,0,0,0,0,
44122,2626,16.6707,60.0301,831.088,239.675,831.088,239.675,1,0,2,46,0,0,0,0,0,
44338,2639,16.6557,60.0301,831.088,239.675,831.088,239.675,1,0,2,46,0,0,0,0,0,
44555,2652,16.7969,60.0301,831.088,239.675,831.088,239.675,1,0,2,46,0,0,0,0,0,
44771,2665,16.7365,60.0246,831.088,239.675,831.088,239.675,1,0,2,46,0,0,0,0,0,
44972,2677,16.7085,60.0246,831.088,239.675,831.088,239.675,1,0,2,46,0,0,0,0,0,
45188,2690,16.3763,60.0246,831.088,239.675,831.088,239.675,1,0,2,46,0,0,0,0,0,
45388,2702,16.6894,60.0246,831.088,226.325,831.088,226.325,1,0,2,46,0,0,0,0,0,
45604,2715,16.5316,60.0246,831.088,183.047,831.088,183.047,1,0,2,46,0,0,0,0,0,
45821,2728,16.6704,60.0192,831.088,139.722,831.088,139.722,1,0,2,46,0,0,0,0,0,
46037,2741,16.4698,60.0192,831.088,96.4326,831.088,96.4326,1,0,2,46,0,0,0,0,0,
46254,2754,16.8144,60.0192,831.088,53.0752,831.088,53.0752,1,0,2,46,0,0,0,0,0,
46471,2767,16.508,60.0192,831.088,9.81519,831.088,9.81519,1,0,2,46,0,0,0,0,0,
46671,2779,16.7493,60.0192,831.088,-30.2081,831.088,-30.2081,1,0,2,46,0,0,0,0,0,
46887,2792,16.5923,60.0374,831.088,-53.4121,831.088,-53.4121,1,0,2,46,0,0,0,0,0,
47104,2805,16.7075,60.0374,831.088,-53.4121,831.088,-53.4121,1,0,2,46,0,0,0,0,0,
47320,2818,16.6519,60.0374,831.088,-53.4121,831.088,-53.4121,1,0,2,46,0,0,0,0,0,
47537,2831,16.752,60.0374,831.088,-53.4121,831.088,-53.4121,1,0,2,46,0,0,0,0,0,
47737,2843,16.827,60.0238,831.088,-53.4121,831.088,-53.4121,1,0,2,46,0,0,0,0,0,
47953,2856,16.6724,60.0238,831.088,-53.4121,831.088,-53.4121,1,0,2,46,0,0,0,0,0,
48170,2869,16.8178,60.0238,831.088,-53.4121,831.088,-53.4121,1,0,2,46,0,0,0,0,0,
48220,2872,16.5583,60.0238,831.088,-53.4121,831.088,-53.4121,1,25,0,46,0,0,0,0,0,radius_change
48386,2882,16.2917,60.0238,831.088,-53.4121,831.088,-53.4121,1,25,18,46,0,0,0,0,0,
48587,2894,16.7783,60.0238,831.088,-53.4121,831.088,-53.4121,1,25,18,46,0,0,0,0,0,
48803,2907,17.2153,60.0258,831.088,-53.4121,831.088,-53.4121,1,25,18,46,0,0,0,0,0,
49020,2920,16.7896,60.0258,831.088,-53.4121,831.088,-53.4121,1,25,18,46,0,0,0,0,0,
49236,2933,16.8235,60.0258,831.088,-53.4121,831.088,-53.4121,1,25,18,46,0,0,0,0,0,
49453,2946,16.5347,60.0258,831.088,-53.4121,831.088,-53.4121,1,25,18,46,0,0,0,0,0,
49669,2959,16.6672,60.0258,831.088,-53.4121,831.088,-53.4121,1,25,18,46,0,0,0,0,0,
49886,2972,16.91,60.0208,831.088,-53.4121,831.088,-53.4121,1,25,18,46,0,0,0,0,0,
50086,2984,17.0019,60.0208,831.088,-53.4121,831.088,-53.4121,1,25,18,46,0,0,0,0,0,
50302,2997,16.7047,60.0208,831.088,-53.4121,831.088,-53.4121,1,25,18,46,0,0,0,0,0,
50502,3009,16.802,60.0208,804.421,-53.4121,804.421,-53.4121,1,25,18,46,0,0,0,0,0,
50719,3022,16.4329,60.0208,761.179,-53.4121,761.179,-53.4121,1,25,18,46,0,0,0,0,0,
50935,3035,16.6689,60.0201,717.862,-53.4121,717.862,-53.4121,1,25,18,46,0,0,0,0,0,
51135,3047,16.6452,60.0201,677.857,-53.4121,677.857,-53.4121,1,25,18,46,0,0,0,0,0,
51352,3060,16.781,60.0201,634.523,-53.4121,634.523,-53.4121,1,25,18,46,0,0,0,0,0,
51568,3073,16.6949,60.0201,591.221,-53.4121,591.221,-53.4121,1,25,18,46,0,0,0,0,0,
51768,3085,16.6358,60.0201,551.214,-53.4121,551.214,-53.4121,1,25,18,46,0,0,0,0,0,
51985,3098,16.4896,60.0482,507.942,-53.4121,507.942,-53.4121,1,25,18,46,0,0,0,0,0,
52185,3110,16.8052,60.0482,498.92,-21.049,498.92,-21.049,1,25,18,46,0,0,0,0,0,
52401,3123,16.5083,60.0482,498.92,22.2469,498.92,22.2469,1,25,18,46,0,0,0,0,0,
52618,3136,16.7047,60.0482,498.92,65.5364,498.92,65.5364,1,25,18,46,0,0,0,0,0,
52818,3148,17.0219,60.04,498.92,105.56,498.92,105.56,1,25,18,46,0,0,0,0,0,
53034,3161,16.592,60.04,498.92,148.808,498.92,148.808,1,25,18,46,0,0,0,0,0,
53234,3173,16.6647,60.04,498.92,188.822,498.92,188.822,1,25,18,46,0,0,0,0,0,
53451,3186,16.6216,60.04,498.92,232.127,498.92,232.127,1,25,18,46,0,0,0,0,0,
53667,3199,16.7756,60.04,498.92,275.477,498.92,275.477,1,25,18,46,0,0,0,0,0,
53883,3212,16.2122,60.0215,496.627,317.662,496.627,317.662,1,25,18,46,0,0,0,0,0,
54084,3224,16.6074,60.0215,458.456,322.396,458.456,322.396,1,25,18,46,0,0,0,0,0,
54300,3237,16.5406,60.0215,415.15,322.396,415.15,322.396,1,25,18,46,0,0,0,0,0,
54517,3250,16.6446,60.0215,371.849,322.396,371.849,322.396,1,25,18,46,0,0,0,0,0,
54717,3262,16.8244,60.0215,331.838,322.396,331.838,322.396,1,25,18,46,0,0,0,0,0,
54933,3275,16.7037,60.033,288.676,322.396,288.676,322.396,1,25,18,46,0,0,0,0,0,
55133,3287,16.6589,60.033,248.556,322.396,248.556,322.396,1,25,18,46,0,0,0,0,0,
55350,3300,16.6852,60.033,205.243,322.396,205.243,322.396,1,25,18,46,0,0,0,0,0,
55550,3312,16.792,60.033,165.209,322.396,165.209,322.396,1,25,18,46,0,0,0,0,0,
55766,3325,16.6872,60.033,121.945,322.396,121.945,322.396,1,25,18,46,0,0,0,0,0,
55983,3338,16.7604,60.0195,78.6465,322.396,78.6465,322.396,1,25,18,46,0,0,0,0,0,
56200,3351,16.6883,60.0195,35.315,322.396,35.315,322.396,1,25,18,46,0,0,0,0,0,
56382,3362,16.7561,60.0195,-1.1652,322.396,-1.1652,322.396,1,25,18,48,2,2,0,0,0,chunk_loads
56410,3363,28.337,60.0195,-6.83259,322.396,-6.83259,322.396,1,25,18,48,0,0,0,0,0,
56616,3376,16.636,60.0195,-43.0852,334.185,-43.0852,334.185,1,25,18,48,0,0,0,0,0,
56832,3389,16.5725,60.0195,-73.7053,364.805,-73.7053,364.805,1,25,18,48,0,0,0,0,0,
57033,3401,16.6875,60.0272,-102.006,393.106,-102.006,393.106,1,25,18,48,0,0,0,0,0,
57249,3414,16.5227,60.0272,-125.544,426.631,-125.544,426.631,1,25,18,48,0,0,0,0,0,
57466,3427,16.7581,60.0272,-125.544,423.255,-125.544,423.255,1,25,18,48,0,0,0,0,0,
57682,3440,16.7243,60.0272,-125.544,379.947,-125.544,379.947,1,25,18,48,0,0,0,0,0,
57899,3453,16.6051,60.0289,-125.544,336.651,-125.544,336.651,1,25,18,48,0,0,0,0,0,
58115,3466,16.5549,60.0289,-125.544,293.353,-125.544,293.353,1,25,18,48,0,0,0,0,0,
58332,3479,16.9189,60.0289,-125.544,249.997,-125.544,249.997,1,25,18,48,0,0,0,0,0,
58548,3492,16.6573,60.0289,-125.544,206.672,-125.544,206.672,1,25,18,48,0,0,0,0,0,
58765,3505,16.7578,60.0289,-125.544,163.377,-125.544,163.377,1,25,18,48,0,0,0,0,0,
58981,3518,16.4404,60.0259,-125.544,120.164,-125.544,120.164,1,25,18,48,0,0,0,0,0,
59181,3530,16.6563,60.0259,-125.544,80.1184,-125.544,80.1184,1,25,18,48,0,0,0,0,0,
59381,3542,16.7589,60.0259,-125.544,40.083,-125.544,40.083,1,25,18,48,0,0,0,0,0,
59598,3555,16.6295,60.0259,-125.544,-3.17255,-125.544,-3.17255,1,25,18,48,0,0,0,0,0,
59814,3568,16.829,60.0259,-137.336,-41.6312,-137.336,-41.6312,1,25,18,48,0,0,0,0,0,
60031,3581,16.795,60.0319,-163.244,-74.2073,-163.244,-74.2073,1,25,18,48,0,0,0,0,0,
60248,3594,16.87,60.0319,-163.244,-117.536,-163.244,-117.536,1,25,18,48,0,0,0,0,0,
60464,3607,16.7813,60.0319,-179.706,-154.015,-179.706,-154.015,1,25,18,48,0,0,0,0,0,
60681,3620,16.4777,60.0319,-189.104,-193.415,-189.104,-193.415,1,25,18,48,0,0,0,0,0,
60897,3633,16.6462,60.0319,-189.104,-236.733,-189.104,-236.733,1,25,18,48,0,0,0,0,0,
61114,3646,16.8296,60.0374,-189.104,-280.077,-189.104,-280.077,1,25,18,48,0,0,0,0,0,
61330,3659,16.7062,60.0374,-196.169,-320.315,-196.169,-320.315,1,25,18,48,0,0,0,0,0,
61530,3671,16.3607,60.0374,-219.819,-350.631,-219.819,-350.631,1,25,18,48,0,0,0,0,0,
61730,3683,16.4705,60.0374,-219.819,-350.631,-219.819,-350.631,1,25,18,48,0,0,0,0,0,
61947,3696,16.632,60.019,-219.819,-350.631,-219.819,-350.631,1,25,18,48,0,0,0,0,0,
62163,3709,16.6492,60.019,-219.819,-350.631,-219.819,-350.631,1,25,18,48,0,0,0,0,0,
62380,3722,16.8279,60.019,-219.819,-350.631,-219.819,-350.631,1,25,18,48,0,0,0,0,0,
62597,3735,16.6684,60.019,-219.819,-350.631,-219.819,-350.631,1,25,18,48,0,0,0,0,0,
62813,3748,16.6618,60.019,-219.819,-350.631,-219.819,-350.631,1,25,18,48,0,0,0,0,0,
63014,3760,8.16197,60.0098,-219.819,-350.631,-219.819,-350.631,1,25,18,48,0,0,0,0,0,
63229,3773,16.2489,60.0098,-219.819,-350.631,-219.819,-350.631,1,25,18,48,0,0,0,0,0,
63446,3786,16.8998,60.0098,-219.819,-350.631,-219.819,-350.631,1,25,18,48,0,0,0,0,0,
63646,3798,16.9725,60.0098,-219.819,-350.631,-219.819,-350.631,1,25,18,48,0,0,0,0,0,
63863,3811,16.5955,60.0098,-219.819,-350.631,-219.819,-350.631,1,25,18,48,0,0,0,0,0,
64078,3824,16.8629,60.0538,-219.819,-350.631,-219.819,-350.631,1,25,18,48,0,0,0,0,0,
64279,3836,16.6663,60.0538,-219.819,-350.631,-219.819,-350.631,1,25,18,48,0,0,0,0,0,
64479,3848,16.469,60.0538,-219.819,-350.631,-219.819,-350.631,1,25,18,48,0,0,0,0,0,
64695,3861,16.5814,60.0538,-219.819,-350.631,-219.819,-350.631,1,25,18,48,0,0,0,0,0,
64895,3873,16.4412,60.0538,-219.819,-350.631,-219.819,-350.631,1,25,18,48,0,0,0,0,0,
65112,3886,17.262,59.9877,-219.819,-350.631,-219.819,-350.631,1,25,18,48,0,0,0,0,0,
65329,3899,16.7636,59.9877,-219.819,-350.631,-219.819,-350.631,1,25,18,48,0,0,0,0,0,
65529,3911,16.8035,59.9877,-219.819,-350.631,-219.819,-350.631,1,25,18,48,0,0,0,0,0,
65744,3924,16.9493,59.9877,-219.819,-350.631,-219.819,-350.631,1,25,18,48,0,0,0,0,0,
65945,3936,16.8983,59.9877,-219.819,-350.631,-219.819,-350.631,1,25,18,48,0,0,0,0,0,
66161,3949,16.538,60.0501,-219.819,-350.631,-219.819,-350.631,1,25,18,48,0,0,0,0,0,
66362,3961,16.7139,60.0501,-219.819,-350.631,-219.819,-350.631,1,25,18,48,0,0,0,0,0,
66578,3974,16.8889,60.0501,-219.819,-350.631,-219.819,-350.631,1,25,18,48,0,0,0,0,0,
66794,3987,16.5492,60.0501,-219.819,-350.631,-219.819,-350.631,1,25,18,48,0,0,0,0,0,
67011,4000,16.8701,60.0501,-219.819,-350.631,-219.819,-350.631,1,0,0,48,0,0,0,0,0,radius_change
67011,4000,16.8701,60.0501,-219.819,-350.631,-219.819,-350.631,1,0,2,48,0,0,0,0,0,
67228,4013,16.8243,60.0414,-219.819,-350.631,-219.819,-350.631,1,0,2,48,0,0,0,0,0,
67444,4026,16.7155,60.0414,-219.819,-350.631,-219.819,-350.631,1,0,2,48,0,0,0,0,0,
67660,4039,16.5208,60.0414,-219.819,-350.631,-219.819,-350.631,1,0,2,48,0,0,0,0,0,
67860,4051,16.4887,60.0414,-219.819,-350.631,-219.819,-350.631,1,0,2,48,0,0,0,0,0,
68061,4063,16.9283,60.0064,-219.819,-350.631,-219.819,-350.631,1,0,2,48,0,0,0,0,0,
68277,4076,16.9252,60.0064,-219.819,-350.631,-219.819,-350.631,1,0,2,48,0,0,0,0,0,
68494,4089,16.656,60.0064,-219.819,-350.631,-219.819,-350.631,1,0,2,48,0,0,0,0,0,
68710,4102,16.682,60.0064,-219.819,-350.631,-219.819,-350.631,1,0,2,48,0,0,0,0,0,
68927,4115,16.5632,60.0064,-219.819,-350.631,-219.819,-350.631,1,0,2,48,0,0,0,0,0,
69143,4128,16.9713,60.0516,-219.819,-350.631,-219.819,-350.631,1,0,2,48,0,0,0,0,0,
69343,4140,16.7878,60.0516,-219.819,-350.631,-219.819,-350.631,1,0,2,48,0,0,0,0,0,
69560,4153,16.9734,60.0516,-219.819,-387.301,-219.819,-387.301,1,0,2,48,0,0,0,0,0,
69776,4166,16.6392,60.0516,-219.819,-430.573,-219.819,-430.573,1,0,2,48,0,0,0,0,0,
69993,4179,16.7867,60.0516,-219.819,-473.92,-219.819,-473.92,1,0,2,48,0,0,0,0,0,
70209,4192,16.8353,60.024,-219.819,-517.19,-219.819,-517.19,1,0,2,48,0,0,0,0,0,
70426,4205,16.7032,60.024,-219.819,-543.821,-219.819,-543.821,1,0,2,48,0,0,0,0,0,
70642,4218,16.5391,60.024,-219.819,-543.821,-219.819,-543.821,1,0,2,48,0,0,0,0,0,
70859,4231,16.7452,60.024,-219.819,-507.171,-219.819,-507.171,1,0,2,48,0,0,0,0,0,
71076,4244,16.7951,60.024,-219.819,-463.84,-219.819,-463.84,1,0,2,48,0,0,0,0,0,
71292,4257,16.675,60.0394,-219.819,-420.524,-219.819,-420.524,1,0,2,48,0,0,0,0,0,
71509,4270,16.8349,60.0394,-219.819,-377.21,-219.819,-377.21,1,0,2,48,0,0,0,0,0,
71709,4282,16.9449,60.0394,-219.819,-337.203,-219.819,-337.203,1,0,2,48,0,0,0,0,0,
71925,4295,16.5873,60.0394,-219.819,-293.944,-219.819,-293.944,1,0,2,48,0,0,0,0,0,
72149,4308,23.5038,60.0279,-219.819,-277.288,-219.819,-277.288,1,0,2,48,0,0,0,0,0,
72358,4321,16.4136,60.0279,-239.81,-277.288,-239.81,-277.288,1,0,2,48,0,0,0,0,0,
72575,4334,16.7048,60.0279,-283.133,-277.288,-283.133,-277.288,1,0,2,48,0,0,0,0,0,
72791,4347,16.6796,60.0279,-326.432,-277.288,-326.432,-277.288,1,0,2,48,0,0,0,0,0,
73008,4360,16.5709,60.0279,-369.742,-277.288,-369.742,-277.288,1,0,2,48,0,0,0,0,0,
73224,4373,17.0498,60.0181,-383.108,-288.849,-383.108,-288.849,1,0,2,48,0,0,0,0,0,
73425,4385,16.764,60.0181,-383.108,-328.899,-383.108,-328.899,1,0,2,48,0,0,0,0,0,
73641,4398,16.7497,60.0181,-383.108,-355.502,-383.108,-355.502,1,0,2,48,0,0,0,0,0,
73858,4411,16.5727,60.0181,-383.108,-365.506,-383.108,-365.506,1,0,2,48,0,0,0,0,0,
74074,4424,16.4715,60.0181,-383.108,-382.125,-383.108,-382.125,1,0,2,48,0,0,0,0,0,
74274,4436,17.1049,60.0406,-383.108,-395.65,-383.108,-395.65,1,0,2,48,0,0,0,0,0,
74491,4449,16.3974,60.0406,-383.108,-418.943,-383.108,-418.943,1,0,2,48,0,0,0,0,0,
74707,4462,16.6945,60.0406,-383.108,-442.303,-383.108,-442.303,1,0,2,48,0,0,0,0,0,
74924,4475,16.8748,60.0406,-383.108,-445.651,-383.108,-445.651,1,0,2,48,0,0,0,0,0,
75140,4488,16.5061,60.0406,-383.108,-445.651,-383.108,-445.651,1,0,2,48,0,0,0,0,0,
75357,4501,16.776,60.0174,-383.108,-445.651,-383.108,-445.651,1,0,2,48,0,0,0,0,0,
75574,4514,16.5989,60.0174,-353.091,-445.651,-353.091,-445.651,1,0,2,48,0,0,0,0,0,
75790,4527,16.5099,60.0174,-353.091,-445.651,-353.091,-445.651,1,0,2,48,0,0,0,0,0,
75990,4539,16.7158,60.0174,-353.091,-452.338,-353.091,-452.338,1,0,2,48,0,0,0,0,0,
76190,4551,16.794,60.0337,-353.091,-465.663,-353.091,-465.663,1,0,2,48,0,0,0,0,0,
76406,4564,16.6146,60.0337,-353.091,-465.663,-353.091,-465.663,1,0,2,48,0,0,0,0,0,
76606,4576,16.6831,60.0337,-353.091,-492.375,-353.091,-492.375,1,0,2,48,0,0,0,0,0,
76823,4589,16.4759,60.0337,-353.091,-492.375,-353.091,-492.375,1,0,2,48,0,0,0,0,0,
77040,4602,16.9144,60.0337,-333.093,-492.375,-333.093,-492.375,1,0,2,48,0,0,0,0,0,
77256,4615,16.6443,60.0313,-326.405,-492.375,-326.405,-492.375,1,0,2,48,0,0,0,0,0,
77456,4627,16.8844,60.0313,-326.405,-492.375,-326.405,-492.375,1,0,2,48,0,0,0,0,0,
77656,4639,17.1335,60.0313,-326.405,-492.375,-326.405,-492.375,1,0,2,48,0,0,0,0,0,
77872,4652,16.7845,60.0313,-326.405,-492.375,-326.405,-492.375,1,0,2,48,0,0,0,0,0,
78089,4665,16.5143,60.0313,-326.405,-492.375,-326.405,-492.375,1,0,2,48,0,0,0,0,0,
78305,4678,17.2018,60.0253,-326.405,-492.375,-326.405,-492.375,1,0,2,48,0,0,0,0,0,
78522,4691,16.7606,60.0253,-326.405,-492.375,-326.405,-492.375,1,0,2,48,0,0,0,0,0,
78738,4704,16.4946,60.0253,-326.405,-492.375,-326.405,-492.375,1,0,2,48,0,0,0,0,0,
78955,4717,16.6551,60.0253,-326.405,-492.375,-326.405,-492.375,1,0,2,48,0,0,0,0,0,
79172,4730,16.947,60.0253,-326.405,-492.375,-326.405,-492.375,1,0,2,48,0,0,0,0,0,
79388,4743,16.4241,60.0302,-326.405,-492.375,-326.405,-492.375,1,0,2,48,0,0,0,0,0,
79605,4756,16.7091,60.0302,-326.405,-492.375,-326.405,-492.375,1,0,2,48,0,0,0,0,0,
79821,4769,16.662,60.0302,-326.405,-492.375,-326.405,-492.375,1,0,2,48,0,0,0,0,0,
80038,4782,16.78,60.0302,-326.405,-492.375,-326.405,-492.375,1,0,2,48,0,0,0,0,0,
80255,4795,16.7526,60.0258,-326.405,-492.375,-326.405,-492.375,1,0,2,48,0,0,0,0,0,
80471,4808,16.5692,60.0258,-326.405,-492.375,-326.405,-492.375,1,0,2,48,0,0,0,0,0,
80688,4821,16.8052,60.0258,-326.405,-492.375,-326.405,-492.375,1,0,2,48,0,0,0,0,0,
80888,4833,16.9227,60.0258,-326.405,-492.375,-326.405,-492.375,1,0,2,48,0,0,0,0,0,
81088,4845,16.908,60.0258,-326.405,-492.375,-326.405,-492.375,1,0,2,48,0,0,0,0,0,
81295,4857,24.559,60.027,-326.405,-492.375,-326.405,-492.375,1,0,2,48,0,0,0,0,0,
81504,4870,16.8599,60.027,-326.405,-492.375,-326.405,-492.375,1,0,2,48,0,0,0,0,0,
81721,4883,16.4908,60.027,-326.405,-492.375,-326.405,-492.375,1,0,2,48,0,0,0,0,0,
81936,4896,16.4765,60.027,-326.405,-492.375,-326.405,-492.375,1,0,2,48,0,0,0,0,0,
82137,4908,16.5293,60.027,-326.405,-492.375,-326.405,-492.375,1,0,2,48,0,0,0,0,0,
82353,4921,16.6965,60.0292,-326.405,-492.375,-326.405,-492.375,1,0,2,48,0,0,0,0,0,
82554,4933,16.7635,60.0292,-326.405,-492.375,-326.405,-492.375,1,0,2,48,0,0,0,0,0,
82770,4946,16.628,60.0292,-326.405,-492.375,-326.405,-492.375,1,0,2,48,0,0,0,0,0,
82987,4959,16.6724,60.0292,-326.405,-492.375,-326.405,-492.375,1,0,2,48,0,0,0,0,0,
83203,4972,16.5704,60.0292,-326.405,-492.375,-326.405,-492.375,1,0,2,48,0,0,0,0,0,
83403,4984,17.177,60.042,-326.405,-492.375,-326.405,-492.375,1,0,2,48,0,0,0,0,0,
83620,4997,16.5792,60.042,-326.405,-482.401,-326.405,-482.401,1,0,2,48,0,0,0,0,0,
83836,5010,16.8413,60.042,-326.405,-465.716,-326.405,-465.716,1,0,2,48,0,0,0,0,0,
84053,5023,16.639,60.042,-326.405,-465.716,-326.405,-465.716,1,0,2,48,0,0,0,0,0,
84269,5036,16.5363,60.042,-326.405,-465.716,-326.405,-465.716,1,0,2,48,0,0,0,0,0,
84486,5049,16.6728,60.0295,-326.405,-488.96,-326.405,-488.96,1,0,2,48,0,0,0,0,0,
84702,5062,16.6349,60.0295,-326.405,-488.96,-326.405,-488.96,1,0,2,48,0,0,0,0,0,
84919,5075,16.6619,60.0295,-326.405,-488.96,-326.405,-488.96,1,0,2,48,0,0,0,0,0,
85136,5088,16.7437,60.0295,-326.405,-488.96,-326.405,-488.96,1,0,2,48,0,0,0,0,0,
85336,5100,16.8213,60.0241,-326.405,-488.96,-326.405,-488.96,1,0,2,48,0,0,0,0,0,
85552,5113,16.7364,60.0241,-326.405,-488.96,-326.405,-488.96,1,0,2,48,0,0,0,0,0,
85769,5126,17.0343,60.0241,-326.405,-488.96,-326.405,-488.96,1,0,2,48,0,0,0,0,0,
85985,5139,16.5767,60.0241,-326.405,-488.96,-326.405,-488.96,1,0,2,48,0,0,0,0,0,
86202,5152,16.73,60.0241,-326.405,-488.96,-326.405,-488.96,1,0,2,48,0,0,0,0,0,
86419,5165,18.2596,60.0435,-326.405,-488.96,-326.405,-488.96,1,0,2,48,0,0,0,0,0,
86635,5178,16.5876,60.0435,-326.405,-488.96,-326.405,-488.96,1,0,2,48,0,0,0,0,0,
86835,5190,16.7414,60.0435,-326.405,-488.96,-326.405,-488.96,1,0,2,48,0,0,0,0,0,
87051,5203,16.6494,60.0435,-326.405,-488.96,-326.405,-488.96,1,0,2,48,0,0,0,0,0,
87268,5216,16.9168,60.0435,-326.405,-488.96,-326.405,-488.96,1,0,2,48,0,0,0,0,0,
87485,5229,17.1,60.0228,-326.405,-488.96,-326.405,-488.96,1,0,2,48,0,0,0,0,0,
87701,5242,16.478,60.0228,-326.405,-488.96,-326.405,-488.96,1,0,2,48,0,0,0,0,0,
87918,5255,16.7111,60.0228,-326.405,-488.96,-326.405,-488.96,1,0,2,48,0,0,0,0,0,
88134,5268,16.7894,60.0228,-326.405,-488.96,-326.405,-488.96,1,0,2,48,0,0,0,0,0,
88351,5281,16.5948,60.0228,-326.405,-488.96,-326.405,-488.96,1,0,2,48,0,0,0,0,0,
88567,5294,16.77,60.011,-326.405,-488.96,-326.405,-488.96,1,0,2,48,0,0,0,0,0,
88784,5307,17.0221,60.011,-326.405,-488.96,-326.405,-488.96,1,0,2,48,0,0,0,0,0,
89000,5320,16.5273,60.011,-329.71,-488.96,-329.71,-488.96,1,0,2,48,0,0,0,0,0,
89217,5333,16.6764,60.011,-342.982,-488.96,-342.982,-488.96,1,0,2,48,0,0,0,0,0,
89425,5345,25.007,60.047,-354.74,-488.96,-354.74,-488.96,1,0,2,48,0,0,0,0,0,
89633,5358,16.5641,60.047,-366.297,-488.96,-366.297,-488.96,1,0,2,48,0,0,0,0,0,
89849,5371,16.4235,60.047,-376.271,-488.96,-376.271,-488.96,1,0,2,48,0,0,0,0,0,
90050,5383,16.6927,60.047,-376.271,-488.96,-376.271,-488.96,1,0,2,48,0,0,0,0,0,
90266,5396,16.7252,60.047,-376.271,-488.96,-376.271,-488.96,1,0,2,48,0,0,0,0,0,
90482,5409,16.9319,60.0084,-376.271,-488.96,-376.271,-488.96,1,0,2,48,0,0,0,0,0,
90683,5421,16.7585,60.0084,-376.271,-488.96,-376.271,-488.96,1,0,2,48,0,0,0,0,0,
90899,5434,16.7618,60.0084,-376.271,-488.96,-376.271,-488.96,1,0,2,48,0,0,0,0,0,
91116,5447,16.8306,60.0084,-376.271,-488.96,-376.271,-488.96,1,0,2,48,0,0,0,0,0,
91316,5459,16.9918,60.0084,-376.271,-488.96,-376.271,-488.96,1,0,2,48,0,0,0,0,0,
91532,5472,17.0079,60.0352,-376.271,-488.96,-376.271,-488.96,1,0,2,48,0,0,0,0,0,
91733,5484,16.8781,60.0352,-376.271,-488.96,-376.271,-488.96,1,0,2,48,0,0,0,0,0,
91949,5497,16.6946,60.0352,-376.271,-488.96,-376.271,-488.96,1,0,2,48,0,0,0,0,0,
92166,5510,16.6936,60.0352,-376.271,-488.96,-376.271,-488.96,1,0,2,48,0,0,0,0,0,
92382,5523,16.5291,60.0352,-376.271,-488.96,-376.271,-488.96,1,0,2,48,0,0,0,0,0,
92582,5535,16.5976,60.0246,-376.271,-488.96,-376.271,-488.96,1,0,2,48,0,0,0,0,0,
92798,5548,16.4821,60.0246,-376.271,-488.96,-376.271,-488.96,1,0,2,48,0,0,0,0,0,
93015,5561,16.9101,60.0246,-376.271,-488.96,-376.271,-488.96,1,0,2,48,0,0,0,0,0,
93232,5574,16.7263,60.0246,-376.271,-488.96,-376.271,-488.96,1,0,2,48,0,0,0,0,0,
93448,5587,16.792,60.0267,-376.271,-488.96,-376.271,-488.96,1,0,2,48,0,0,0,0,0,
93665,5600,16.8131,60.0267,-376.271,-488.96,-376.271,-488.96,1,0,2,48,0,0,0,0,0,
93881,5613,16.5973,60.0267,-376.271,-488.96,-376.271,-488.96,1,0,2,48,0,0,0,0,0,
94097,5626,16.5693,60.0267,-376.271,-488.96,-376.271,-488.96,1,0,2,48,0,0,0,0,0,
94298,5638,16.8402,60.0267,-376.271,-488.96,-376.271,-488.96,1,0,2,48,0,0,0,0,0,
94505,5650,24.1415,60.0405,-376.271,-488.96,-376.271,-488.96,1,0,2,48,0,0,0,0,0,
94714,5663,16.4553,60.0405,-376.271,-488.96,-376.271,-488.96,1,0,2,48,0,0,0,0,0,
94931,5676,16.6956,60.0405,-376.271,-488.96,-376.271,-488.96,1,0,2,48,0,0,0,0,0,
95147,5689,16.6872,60.0405,-376.271,-488.96,-376.271,-488.96,1,0,2,48,0,0,0,0,0,
95347,5701,16.8772,60.0405,-376.271,-488.96,-376.271,-488.96,1,0,2,48,0,0,0,0,0,
95563,5714,16.8713,60.0215,-376.271,-488.96,-376.271,-488.96,1,0,2,48,0,0,0,0,0,
95764,5726,16.5991,60.0215,-376.271,-498.936,-376.271,-498.936,1,0,2,48,0,0,0,0,0,
95964,5738,16.7712,60.0215,-376.271,-505.53,-376.271,-505.53,1,0,2,48,0,0,0,0,0,
96164,5750,17.0563,60.0215,-376.271,-505.53,-376.271,-505.53,1,0,2,48,0,0,0,0,0,
96380,5763,16.7738,60.0215,-376.271,-505.53,-376.271,-505.53,1,0,2,48,0,0,0,0,0,
96596,5776,16.5678,60.0239,-376.271,-505.53,-376.271,-505.53,1,0,2,48,0,0,0,0,0,
96797,5788,16.3457,60.0239,-376.271,-505.53,-376.271,-505.53,1,0,2,48,0,0,0,0,0,
96997,5800,16.8319,60.0239,-376.271,-505.53,-376.271,-505.53,1,0,2,48,0,0,0,0,0,
97213,5813,16.4554,60.0239,-376.271,-505.53,-376.271,-505.53,1,0,2,48,0,0,0,0,0,
97413,5825,16.3691,60.0239,-376.271,-505.53,-376.271,-505.53,1,0,2,48,0,0,0,0,0,
97629,5838,16.6405,60.0443,-376.271,-505.53,-376.271,-505.53,1,0,2,48,0,0,0,0,0,
97830,5850,16.6002,60.0443,-376.271,-505.53,-376.271,-505.53,1,0,2,48,0,0,0,0,0,
98046,5863,16.6882,60.0443,-376.271,-505.53,-376.271,-505.53,1,0,2,48,0,0,0,0,0,
98263,5876,16.5676,60.0443,-376.271,-505.53,-376.271,-505.53,1,0,2,48,0,0,0,0,0,
98479,5889,16.7421,60.0443,-376.271,-505.53,-376.271,-505.53,1,0,2,48,0,0,0,0,0,
98696,5902,16.8076,60.0041,-376.271,-505.53,-376.271,-505.53,1,0,2,48,0,0,0,0,0,
98913,5915,17.1254,60.0041,-376.271,-505.53,-376.271,-505.53,1,0,2,48,0,0,0,0,0,
99129,5928,16.4989,60.0041,-376.271,-505.53,-376.271,-505.53,1,0,2,48,0,0,0,0,0,
99345,5941,16.5436,60.0041,-376.271,-505.53,-376.271,-505.53,1,0,2,48,0,0,0,0,0,
99545,5953,16.375,60.0463,-376.271,-505.53,-376.271,-505.53,1,0,2,48,0,0,0,0,0,
99762,5966,16.531,60.0463,-376.271,-505.53,-376.271,-505.53,1,0,2,48,0,0,0,0,0,
99978,5979,16.8173,60.0463,-376.271,-505.53,-376.271,-505.53,1,0,2,48,0,0,0,0,0,
100178,5991,16.349,60.0463,-376.271,-505.53,-376.271,-505.53,1,0,2,48,0,0,0,0,0,
100395,6004,16.7576,60.0463,-376.271,-505.53,-376.271,-505.53,1,0,2,48,0,0,0,0,0,
100603,6016,24.246,60.0704,-376.271,-505.53,-376.271,-505.53,1,0,2,48,0,0,0,0,0,
100811,6029,16.7767,60.0704,-376.271,-505.53,-376.271,-505.53,1,0,2,48,0,0,0,0,0,
101011,6041,16.7348,60.0704,-376.271,-505.53,-376.271,-505.53,1,0,2,48,0,0,0,0,0,
101228,6054,16.6553,60.0704,-376.271,-505.53,-376.271,-505.53,1,0,2,48,0,0,0,0,0,
101428,6066,16.8043,60.0704,-376.271,-505.53,-376.271,-505.53,1,0,2,48,0,0,0,0,0,
101644,6079,16.7822,59.9707,-376.271,-505.53,-376.271,-505.53,1,0,2,48,0,0,0,0,0,
101844,6091,16.7422,59.9707,-376.271,-505.53,-376.271,-505.53,1,0,2,48,0,0,0,0,0,
102061,6104,16.56,59.9707,-376.271,-505.53,-376.271,-505.53,1,0,2,48,0,0,0,0,0,
102261,6116,16.5076,59.9707,-376.271,-505.53,-376.271,-505.53,1,0,2,48,0,0,0,0,0,
102477,6129,16.4966,59.9707,-376.271,-505.53,-376.271,-505.53,1,0,2,48,0,0,0,0,0,
102693,6142,16.9803,56.2531,-376.271,-505.53,-376.271,-505.53,1,0,2,48,0,0,0,0,0,
102894,6154,16.7423,56.2531,-376.271,-505.53,-376.271,-505.53,1,0,2,48,0,0,0,0,0,
103110,6167,16.731,56.2531,-376.271,-505.53,-376.271,-505.53,1,0,2,48,0,0,0,0,0,
103327,6180,16.6432,56.2531,-376.271,-505.53,-376.271,-505.53,1,0,2,48,0,0,0,0,0,
103544,6193,16.7892,56.2531,-376.271,-505.53,-376.271,-505.53,1,0,2,48,0,0,0,0,0,
103760,6206,16.8657,63.94,-376.271,-505.53,-376.271,-505.53,1,0,2,48,0,0,0,0,0,
103976,6219,16.4498,63.94,-376.271,-505.53,-376.271,-505.53,1,0,2,48,0,0,0,0,0,
104176,6231,16.7575,63.94,-376.271,-505.53,-376.271,-505.53,1,0,2,48,0,0,0,0,0,
104377,6243,16.6801,63.94,-376.271,-505.53,-376.271,-505.53,1,0,2,48,0,0,0,0,0,
104593,6256,16.5184,63.94,-376.271,-505.53,-376.271,-505.53,1,0,2,48,0,0,0,0,0,
104810,6269,16.5515,60.0323,-376.271,-505.53,-376.271,-505.53,1,0,2,48,0,0,0,0,0,
105026,6282,16.6586,60.0323,-376.271,-505.53,-376.271,-505.53,1,0,2,48,0,0,0,0,0,
105242,6295,16.5791,60.0323,-376.271,-505.53,-376.271,-505.53,1,0,2,48,0,0,0,0,0,
105459,6308,16.8214,60.0323,-376.271,-505.53,-376.271,-505.53,1,0,2,48,0,0,0,0,0,
105676,6321,17.1683,60.0292,-376.271,-505.53,-376.271,-505.53,1,0,2,48,0,0,0,0,0,
105892,6334,16.6051,60.0292,-376.271,-505.53,-376.271,-505.53,1,0,2,48,0,0,0,0,0,
106092,6346,16.8152,60.0292,-376.271,-505.53,-376.271,-505.53,1,0,2,48,0,0,0,0,0,
106293,6358,17.5903,60.0292,-376.271,-505.53,-376.271,-505.53,1,0,2,48,0,0,0,0,0,
106508,6371,16.8537,60.0292,-376.271,-505.53,-376.271,-505.53,1,0,2,48,0,0,0,0,0,
106709,6383,4.96186,59.9962,-376.271,-505.53,-376.271,-505.53,1,0,2,48,0,0,0,0,0,
106925,6396,16.5089,59.9962,-376.271,-505.53,-376.271,-505.53,1,0,2,48,0,0,0,0,0,
107125,6408,16.6101,59.9962,-376.271,-505.53,-376.271,-505.53,1,0,2,48,0,0,0,0,0,
107341,6421,16.4674,59.9962,-376.271,-505.53,-376.271,-505.53,1,0,2,48,0,0,0,0,0,
107557,6434,16.5884,59.9962,-376.271,-505.53,-376.271,-505.53,1,0,2,48,0,0,0,0,0,
107774,6447,16.6642,60.11,-376.271,-505.53,-376.271,-505.53,1,0,2,48,0,0,0,0,0,
107974,6459,16.7036,60.11,-376.271,-505.53,-376.271,-505.53,1,0,2,48,0,0,0,0,0,
108191,6472,17.2532,60.11,-376.271,-505.53,-376.271,-505.53,1,0,2,48,0,0,0,0,0,
108407,6485,16.6253,60.11,-376.271,-505.53,-376.271,-505.53,1,0,2,48,0,0,0,0,0,
108624,6498,17.1018,60.11,-376.271,-505.53,-376.271,-505.53,1,0,2,48,0,0,0,0,0,
108824,6510,17.1731,59.9658,-376.271,-505.53,-376.271,-505.53,1,0,2,48,0,0,0,0,0,
0,0,0.040888,0,0,0,0,0,1,25,18,18,18,18,0,0,0,chunk_loads
260,1,100,0,0,0,0,0,1,25,18,18,0,0,0,0,0,
475,27,16.662,0,0,0,0,0,1,25,18,18,0,0,0,0,0,
690,40,16.484,0,0,0,0,0,1,25,18,18,0,0,0,0,0,
891,52,16.6767,0,0,0,0,0,1,25,18,18,0,0,0,0,0,
1107,65,16.9158,59.5233,0,0,0,0,1,25,18,18,0,0,0,0,0,
1307,77,16.4915,59.5233,0,0,0,0,1,25,18,18,0,0,0,0,0,
1524,90,16.7187,59.5233,0,0,0,0,1,25,18,18,0,0,0,0,0,
1740,103,17.0284,59.5233,0,0,0,0,1,25,18,18,0,0,0,0,0,
1940,115,16.6676,59.5233,0,0,0,0,1,25,18,18,0,0,0,0,0,
2141,127,17.4314,60.0239,0,0,0,0,1,25,18,18,0,0,0,0,0,
2357,140,16.7243,60.0239,0,0,0,0,1,25,18,18,0,0,0,0,0,
2574,153,16.9053,60.0239,0,0,0,0,1,25,18,18,0,0,0,0,0,
2774,165,16.7539,60.0239,0,0,0,0,1,25,18,18,0,0,0,0,0,
2990,178,16.5457,60.0239,0,0,0,0,1,25,18,18,0,0,0,0,0,
3207,191,16.781,60.0272,0,0,0,0,1,25,18,18,0,0,0,0,0,
3423,204,16.4718,60.0272,0,0,0,0,1,25,18,18,0,0,0,0,0,
3623,216,16.7126,60.0272,0,0,0,0,1,25,18,18,0,0,0,0,0,
3823,228,16.8221,60.0272,0,0,0,0,1,25,18,18,0,0,0,0,0,
4039,241,16.675,60.0272,0,0,0,0,1,25,18,18,0,0,0,0,0,
4256,254,16.8265,60.0268,0,0,0,0,1,25,18,18,0,0,0,0,0,
4473,267,16.6863,60.0268,0,-43.2901,0,0,1,25,18,18,0,0,0,0,0,
4506,269,16.4391,60.0268,0,-49.9419,0,-2.40325,1,25,18,24,6,6,0,0,0,chunk_loads
4689,280,17.1471,60.0268,0,-85.3979,0,-32.2351,1,25,18,24,0,0,0,0,0,
4889,292,16.8319,60.0268,0,-125.412,0,-66.9014,1,25,18,24,0,0,0,0,0,
5089,304,16.8147,60.0253,0,-165.419,0,-103.974,1,25,18,24,0,0,0,0,0,
5306,317,16.6176,60.0253,0,-208.704,0,-145.577,1,25,18,24,0,0,0,0,0,
5522,330,16.7895,60.0253,0,-252.031,0,-188.003,1,25,18,24,0,0,0,0,0,
5655,338,16.6973,60.0253,-2.36136,-277.665,-0.115371,-214.241,1,25,18,30,6,6,0,0,0,chunk_loads
5758,339,100,60.0253,-16.5035,-291.807,-4.36287,-234.345,1,25,18,30,0,0,0,0,0,
5972,357,16.7805,60.0253,-27.9204,-329.87,-14.8842,-271.56,1,25,18,30,0,0,0,0,0,
6188,370,16.5163,60.0297,-27.9204,-373.028,-21.097,-311.549,1,25,18,30,0,0,0,0,0,
6389,382,16.7919,60.0297,-53.9258,-402.402,-30.6982,-347.399,1,25,18,30,0,0,0,0,0,
6589,394,16.8752,60.0297,-82.2306,-430.707,-48.7362,-379.782,1,25,18,30,0,0,0,0,0,
6805,407,16.9468,60.0297,-112.865,-461.341,-73.4086,-412.784,1,25,18,30,0,0,0,0,0,
7005,419,16.9374,60.0297,-141.158,-489.634,-98.7618,-442.244,1,25,18,30,0,0,0,0,0,
7221,432,16.8967,60.0186,-171.664,-520.14,-127.581,-473.443,1,25,18,30,0,0,0,0,0,
7421,444,16.7586,60.0186,-199.996,-548.472,-155.06,-502.103,1,25,18,30,0,0,0,0,0,
7622,456,17.1021,60.0186,-228.305,-576.781,-182.902,-530.592,1,25,18,30,0,0,0,0,0,
7838,469,16.8791,60.0186,-262.809,-598.021,-214.18,-559.068,1,25,18,30,0,0,0,0,0,
8054,482,16.4671,60.0186,-293.406,-628.618,-246.045,-586.313,1,25,18,30,0,0,0,0,0,
8255,494,17.607,60.0408,-321.719,-656.931,-275.009,-612.995,1,25,18,30,0,0,0,0,0,
8471,507,16.4652,60.0408,-354.215,-682.808,-306.056,-642.245,1,25,18,30,0,0,0,0,0,
8671,519,16.4738,60.0408,-384.23,-682.808,-337.519,-660.551,1,25,18,30,0,0,0,0,0,
8887,532,16.3982,60.0408,-384.23,-682.808,-341.996,-662.684,1,25,18,30,0,0,0,0,0,
9087,544,16.6027,60.0408,-384.23,-682.808,-341.996,-662.684,1,25,18,30,0,0,0,0,0,
9304,557,16.6591,60.0189,-384.23,-682.808,-341.996,-662.684,1,25,18,30,0,0,0,0,0,
9504,569,16.5314,60.0189,-384.23,-682.808,-341.996,-662.684,1,25,18,30,0,0,0,0,0,
9704,581,16.5243,60.0189,-384.23,-682.808,-341.996,-662.684,1,25,18,30,0,0,0,0,0,
9920,594,16.8542,60.0189,-384.23,-682.808,-341.996,-662.684,1,25,18,30,0,0,0,0,0,
10137,607,16.2882,60.0189,-367.597,-682.808,-341.996,-662.684,1,25,18,30,0,0,0,0,0,
10337,619,16.5707,59.9969,-327.553,-682.808,-341.996,-662.684,1,25,18,30,0,0,0,0,0,
10553,632,16.2579,59.9969,-284.316,-682.808,-330.646,-667.132,1,25,18,30,0,0,0,0,0,
10753,644,16.7769,59.9969,-244.308,-682.808,-299.069,-674.206,1,25,18,30,0,0,0,0,0,
10970,657,16.5972,59.9969,-200.99,-682.808,-260.651,-678.316,1,25,18,30,0,0,0,0,0,
11170,669,16.5405,60.0507,-181.005,-669.444,-226.204,-678.789,1,25,18,30,0,0,0,0,0,
11386,682,16.7254,60.0507,-181.005,-626.146,-209.098,-664.357,1,25,18,30,0,0,0,0,0,
11603,695,16.5741,60.0507,-181.005,-582.866,-195.683,-633.877,1,25,18,30,0,0,0,0,0,
11819,708,16.746,60.0507,-181.005,-539.575,-188.673,-597.275,1,25,18,30,0,0,0,0,0,
12019,720,16.8786,60.0507,-181.005,-499.555,-185.212,-560.555,1,25,18,30,0,0,0,0,0,
12227,732,24.8569,60.0236,-181.005,-457.971,-183.26,-520.778,1,25,18,30,0,0,0,0,0,
12436,745,17.1021,60.0236,-181.005,-416.212,-182.21,-480.053,1,25,18,30,0,0,0,0,0,
12653,758,16.8002,60.0236,-181.005,-379.622,-181.635,-437.782,1,25,18,30,0,0,0,0,0,
12869,771,16.8767,60.0236,-181.005,-379.622,-181.521,-427.306,1,25,18,30,0,0,0,0,0,
13086,784,17.0084,60.0236,-181.005,-379.622,-181.521,-427.306,1,25,18,30,0,0,0,0,0,
13286,796,18.0318,60.0331,-181.005,-379.622,-181.521,-427.306,1,25,18,30,0,0,0,0,0,
13502,809,16.7289,60.0331,-181.005,-379.622,-181.521,-427.306,1,25,18,30,0,0,0,0,0,
13702,821,16.9339,60.0331,-181.005,-379.622,-181.521,-427.306,1,25,18,30,0,0,0,0,0,
13918,834,16.4499,60.0331,-181.005,-379.622,-181.521,-427.306,1,25,18,30,0,0,0,0,0,
14118,846,16.8902,60.0331,-181.005,-379.622,-181.521,-427.306,1,25,18,30,0,0,0,0,0,
14334,859,17.2377,60.0471,-181.005,-379.622,-181.521,-427.306,1,25,18,30,0,0,0,0,0,
14535,871,16.738,60.0471,-181.005,-379.622,-181.521,-427.306,1,25,18,30,0,0,0,0,0,
14735,883,17.0299,60.0471,-181.005,-379.622,-181.521,-427.306,1,25,18,30,0,0,0,0,0,
14951,896,17.4852,60.0471,-181.005,-379.622,-181.521,-427.306,1,25,18,30,0,0,0,0,0,
15101,905,16.8131,60.0471,-181.005,-379.622,-181.521,-427.306,1,0,0,30,0,0,0,0,0,radius_change
15167,909,16.5857,60.0471,-181.005,-379.622,-181.521,-427.306,1,0,2,30,0,0,0,0,0,
15367,921,17.0226,60.0217,-181.005,-379.622,-181.521,-427.306,1,0,2,30,0,0,0,0,0,
15584,934,16.8252,60.0217,-181.005,-379.622,-181.521,-427.306,1,0,2,30,0,0,0,0,0,
15801,947,16.7374,60.0217,-181.005,-379.622,-181.521,-427.306,1,0,2,30,0,0,0,0,0,
16001,959,16.8505,60.0217,-181.005,-379.622,-181.521,-427.306,1,0,2,30,0,0,0,0,0,
16201,971,16.7846,60.0217,-181.005,-379.622,-181.521,-427.306,1,0,2,30,0,0,0,0,0,
16417,984,16.8483,60.0288,-181.005,-379.622,-181.521,-427.306,1,0,2,30,0,0,0,0,0,
16633,997,16.3762,60.0288,-181.005,-379.622,-181.521,-427.306,1,0,2,30,0,0,0,0,0,
16833,1009,16.6376,60.0288,-181.005,-379.622,-181.521,-427.306,1,0,2,30,0,0,0,0,0,
17050,1022,16.6347,60.0288,-181.005,-379.622,-181.521,-427.306,1,0,2,30,0,0,0,0,0,
17267,1035,16.7202,60.0373,-181.005,-346.291,-181.318,-400.794,1,0,2,30,0,0,0,0,0,
17483,1048,16.8574,60.0373,-181.005,-302.954,-181.169,-362.46,1,0,2,30,0,0,0,0,0,
17700,1061,16.6693,60.0373,-181.005,-259.626,-181.091,-321.764,1,0,2,30,0,0,0,0,0,
17916,1074,16.8313,60.0373,-181.005,-243.025,-181.055,-289.523,1,0,2,30,0,0,0,0,0,
18133,1087,16.8691,60.0373,-181.005,-243.025,-181.055,-289.523,1,0,2,30,0,0,0,0,0,
18349,1100,16.247,60.0226,-181.005,-243.025,-181.055,-289.523,1,0,2,30,0,0,0,0,0,
18549,1112,16.5155,60.0226,-181.005,-283.133,-181.055,-289.523,1,0,2,30,0,0,0,0,0,
18749,1124,16.7752,60.0226,-181.005,-323.169,-181.055,-289.523,1,0,2,30,0,0,0,0,0,
18966,1137,16.5536,60.0226,-181.005,-366.446,-181.037,-312.964,1,0,2,30,0,0,0,0,0,
19166,1149,16.5175,60.0226,-181.005,-399.764,-181.023,-347.284,1,0,2,30,0,0,0,0,0,
19382,1162,16.8102,60.0434,-181.005,-422.954,-181.016,-370.375,1,0,2,30,0,0,0,0,0,
19582,1174,16.3058,60.0434,-181.005,-463.05,-181.012,-404.852,1,0,2,30,0,0,0,0,0,
19799,1187,16.6546,60.0434,-181.005,-506.369,-181.009,-444.914,1,0,2,30,0,0,0,0,0,
20015,1200,16.446,60.0434,-188.06,-546.735,-181.672,-486.226,1,0,2,30,0,0,0,0,0,
20232,1213,16.7011,60.0434,-228.441,-553.826,-195.653,-518.334,1,0,2,30,0,0,0,0,0,
20449,1226,17.2648,60.0283,-271.818,-553.826,-223.647,-535.309,1,0,2,30,0,0,0,0,0,
20665,1239,16.698,60.0283,-315.079,-553.826,-258.866,-544.149,1,0,2,30,0,0,0,0,0,
20882,1252,16.7798,60.0283,-358.413,-553.826,-297.994,-548.774,1,0,2,30,0,0,0,0,0,
21098,1265,16.6468,60.0283,-401.71,-553.826,-339.096,-551.187,1,0,2,30,0,0,0,0,0,
21315,1278,16.7844,60.0283,-445.031,-553.826,-381.271,-552.448,1,0,2,30,0,0,0,0,0,
21531,1291,16.6285,60.0012,-488.325,-553.826,-423.988,-553.106,1,0,2,30,0,0,0,0,0,
21748,1304,16.6121,60.0012,-496.397,-591.816,-458.382,-563.236,1,0,2,30,0,0,0,0,0,
21964,1317,16.7267,60.0012,-496.397,-635.141,-476.549,-589.149,1,0,2,30,0,0,0,0,0,
22181,1330,16.8329,60.0012,-496.397,-678.505,-486.04,-623.417,1,0,2,30,0,0,0,0,0,
22389,1342,24.4794,60.0535,-464.859,-685.113,-485.501,-644.571,1,0,2,30,0,0,0,0,0,
22597,1355,16.3631,60.0535,-423.139,-685.113,-465.432,-661.772,1,0,2,30,0,0,0,0,0,
22814,1368,16.5399,60.0535,-379.833,-685.113,-432.981,-672.923,1,0,2,30,0,0,0,0,0,
23031,1381,16.8724,60.0535,-336.488,-685.113,-395.308,-678.751,1,0,2,30,0,0,0,0,0,
23247,1394,16.8035,60.0535,-293.162,-685.113,-354.942,-681.791,1,0,2,30,0,0,0,0,0,
23463,1407,17.0522,60.0254,-261.308,-685.113,-314.381,-683.376,1,0,2,30,0,0,0,0,0,
23663,1419,16.5721,60.0254,-261.308,-681.799,-306.931,-683.62,1,0,2,30,0,0,0,0,0,
23880,1432,16.6268,60.0254,-261.308,-638.476,-291.916,-672.658,1,0,2,30,0,0,0,0,0,
24097,1445,16.8607,60.0254,-261.308,-615.144,-281.831,-656.33,1,0,2,30,0,0,0,0,0,
24313,1458,16.8334,60.0254,-261.308,-615.144,-281.831,-656.33,1,0,2,30,0,0,0,0,0,
24530,1471,16.5007,60.0327,-261.308,-615.144,-281.831,-656.33,1,0,2,30,0,0,0,0,0,
24746,1484,16.8221,60.0327,-261.308,-615.144,-281.831,-656.33,1,0,2,30,0,0,0,0,0,
24962,1497,16.7833,60.0327,-261.308,-615.144,-281.831,-656.33,1,0,2,30,0,0,0,0,0,
25163,1509,16.5732,60.0327,-261.308,-615.144,-281.831,-656.33,1,0,2,30,0,0,0,0,0,
25379,1522,16.5595,60.0327,-261.308,-591.825,-275.773,-640.044,1,0,2,30,0,0,0,0,0,
25596,1535,17.0887,60.0114,-261.308,-548.417,-268.851,-604.651,1,0,2,30,0,0,0,0,0,
25813,1548,16.7395,60.0114,-261.308,-511.846,-265.247,-566.03,1,0,2,30,0,0,0,0,0,
26029,1561,16.7129,60.0114,-261.308,-511.846,-264.701,-558.52,1,0,2,30,0,0,0,0,0,
26229,1573,17.0236,60.0114,-261.308,-511.846,-264.701,-558.52,1,0,2,30,0,0,0,0,0,
26454,1586,24.7683,60.0355,-261.308,-511.846,-264.701,-558.52,1,0,2,30,0,0,0,0,0,
26662,1599,16.709,60.0355,-261.308,-511.846,-264.701,-558.52,1,0,2,30,0,0,0,0,0,
26879,1612,16.7135,60.0355,-261.308,-511.846,-264.701,-558.52,1,0,2,30,0,0,0,0,0,
27079,1624,16.71,60.0355,-261.308,-511.846,-264.701,-558.52,1,0,2,30,0,0,0,0,0,
27279,1636,16.6804,60.0355,-231.288,-511.846,-259.152,-548.269,1,0,2,30,0,0,0,0,0,
27479,1648,7.75822,60.0151,-231.288,-511.846,-259.152,-548.269,1,0,2,30,0,0,0,0,0,
27695,1661,16.681,60.0151,-231.288,-511.846,-259.152,-548.269,1,0,2,30,0,0,0,0,0,
27895,1673,16.8454,60.0151,-231.288,-511.846,-259.152,-548.269,1,0,2,30,0,0,0,0,0,
28111,1686,16.4841,60.0151,-231.288,-511.846,-259.152,-548.269,1,0,2,30,0,0,0,0,0,
28311,1698,16.6833,60.0151,-231.288,-511.846,-259.152,-548.269,1,0,2,30,0,0,0,0,0,
28528,1711,16.8516,60.0349,-231.288,-511.846,-259.152,-548.269,1,0,2,30,0,0,0,0,0,
28744,1724,16.7575,60.0349,-231.288,-525.178,-259.152,-548.269,1,0,2,30,0,0,0,0,0,
28945,1736,17.0266,60.0349,-234.693,-525.178,-259.152,-548.269,1,0,2,30,0,0,0,0,0,
29161,1749,16.7864,60.0349,-254.689,-525.178,-259.152,-548.269,1,0,2,30,0,0,0,0,0,
29377,1762,16.5924,60.0349,-254.689,-525.178,-259.152,-548.269,1,0,2,30,0,0,0,0,0,
29594,1775,16.883,60.0339,-274.697,-525.178,-259.152,-548.269,1,0,2,30,0,0,0,0,0,
29794,1787,16.7071,60.0339,-274.697,-525.178,-259.152,-548.269,1,0,2,30,0,0,0,0,0,
30011,1800,16.6824,60.0339,-298.035,-525.178,-259.152,-548.269,1,0,2,30,0,0,0,0,0,
30227,1813,16.4696,60.0339,-298.035,-525.178,-259.152,-548.269,1,0,2,30,0,0,0,0,0,
30444,1826,16.6582,60.0339,-324.756,-525.178,-279.547,-539.895,1,0,2,30,0,0,0,0,0,
30660,1839,16.8257,60.0271,-341.409,-525.178,-296.522,-535.555,1,0,2,30,0,0,0,0,0,
30877,1852,16.6053,60.0271,-341.409,-501.886,-304.652,-530.75,1,0,2,30,0,0,0,0,0,
31077,1864,16.8614,60.0271,-341.409,-498.506,-306.469,-529.156,1,0,2,30,0,0,0,0,0,
31293,1877,16.5309,60.0271,-378.082,-498.506,-332.724,-515.332,1,0,2,30,0,0,0,0,0,
31510,1890,17.0011,60.0412,-378.082,-498.506,-334.96,-514.503,1,0,2,30,0,0,0,0,0,
31726,1903,16.696,60.0412,-378.082,-498.506,-334.96,-514.503,1,0,2,30,0,0,0,0,0,
31943,1916,16.7168,60.0412,-378.082,-498.506,-334.96,-514.503,1,0,2,30,0,0,0,0,0,
32159,1929,16.541,60.0412,-378.082,-498.506,-334.96,-514.503,1,0,2,30,0,0,0,0,0,
32376,1942,16.8485,60.0412,-378.082,-498.506,-334.96,-514.503,1,0,2,30,0,0,0,0,0,
32592,1955,17.0547,60.0155,-378.082,-498.506,-334.96,-514.503,1,0,2,30,0,0,0,0,0,
32793,1967,16.7615,60.0155,-378.082,-498.506,-334.96,-514.503,1,0,2,30,0,0,0,0,0,
33009,1980,16.6131,60.0155,-378.082,-498.506,-334.96,-514.503,1,0,2,30,0,0,0,0,0,
33209,1992,17.0409,60.0155,-378.082,-498.506,-334.96,-514.503,1,0,2,30,0,0,0,0,0,
33426,2005,16.3466,60.0155,-378.082,-498.506,-334.96,-514.503,1,0,2,30,0,0,0,0,0,
33641,2018,16.7248,60.0353,-378.082,-498.506,-334.96,-514.503,1,0,2,30,0,0,0,0,0,
33842,2030,16.6618,60.0353,-378.082,-511.837,-334.96,-514.503,1,0,2,30,0,0,0,0,0,
34058,2043,16.7141,60.0353,-378.082,-555.139,-344.471,-521.646,1,0,2,30,0,0,0,0,0,
34259,2055,16.6876,60.0353,-378.082,-595.153,-359.64,-547.435,1,0,2,30,0,0,0,0,0,
34474,2068,16.6594,60.0353,-378.082,-638.343,-368.433,-582.375,1,0,2,30,0,0,0,0,0,
34675,2080,16.4704,60.0368,-378.082,-678.43,-372.794,-618.404,1,0,2,30,0,0,0,0,0,
34891,2093,16.5336,60.0368,-378.082,-711.703,-375.32,-656.729,1,0,2,30,0,0,0,0,0,
35108,2106,16.7185,60.0368,-378.082,-755.022,-376.64,-695.25,1,0,2,30,0,0,0,0,0,
35325,2119,16.9289,60.0368,-411.418,-758.401,-383.561,-721.987,1,0,2,30,0,0,0,0,0,
35541,2132,16.5946,60.0368,-454.698,-758.401,-408.259,-738.399,1,0,2,30,0,0,0,0,0,
35758,2145,16.5778,60.0138,-498.008,-758.401,-442.717,-747.956,1,0,2,30,0,0,0,0,0,
35958,2157,16.6164,60.0138,-538.025,-758.401,-478.346,-752.67,1,0,2,30,0,0,0,0,0,
36174,2170,16.4778,60.0138,-581.293,-758.401,-519.066,-755.406,1,0,2,30,0,0,0,0,0,
36374,2182,16.591,60.0138,-621.331,-758.401,-557.846,-756.758,1,0,2,30,0,0,0,0,0,
36591,2195,16.8605,60.0392,-664.642,-758.401,-600.427,-757.543,1,0,2,30,0,0,0,0,0,
36807,2208,16.6553,60.0392,-707.934,-758.401,-643.357,-757.953,1,0,2,30,0,0,0,0,0,
37024,2221,16.6689,60.0392,-739.344,-743.787,-685.105,-756.298,1,0,2,30,0,0,0,0,0,
37224,2233,16.766,60.0392,-739.344,-703.775,-709.583,-739.98,1,0,2,30,0,0,0,0,0,
37440,2246,16.6485,60.0392,-739.344,-660.49,-723.795,-710.455,1,0,2,30,0,0,0,0,0,
37640,2258,8.54557,60.0224,-739.344,-620.481,-730.812,-677.203,1,0,2,30,0,0,0,0,0,
37857,2271,16.7812,60.0224,-739.344,-577.136,-734.89,-637.821,1,0,2,30,0,0,0,0,0,
38074,2284,16.9225,60.0224,-739.344,-533.799,-737.019,-596.552,1,0,2,30,0,0,0,0,0,
38290,2297,16.6458,60.0224,-739.344,-490.555,-738.128,-554.388,1,0,2,30,0,0,0,0,0,
38506,2310,16.6721,60.0224,-739.344,-470.492,-738.677,-518.054,1,0,2,30,0,0,0,0,0,
38723,2323,17.5528,60.0213,-739.344,-470.492,-738.677,-518.054,1,0,2,30,0,0,0,0,0,
38940,2336,16.6029,60.0213,-739.344,-470.492,-738.677,-518.054,1,0,2,30,0,0,0,0,0,
39156,2349,16.6982,60.0213,-699.362,-470.492,-730.464,-504.045,1,0,2,30,0,0,0,0,0,
39372,2362,16.5848,60.0213,-699.362,-470.492,-730.464,-504.045,1,0,2,30,0,0,0,0,0,
39589,2375,16.7645,60.0213,-699.362,-470.492,-730.464,-504.045,1,0,2,30,0,0,0,0,0,
39789,2387,16.9822,60.0282,-699.362,-470.492,-730.464,-504.045,1,0,2,30,0,0,0,0,0,
40006,2400,16.7521,60.0282,-699.362,-470.492,-730.464,-504.045,1,0,2,30,0,0,0,0,0,
40206,2412,16.6717,60.0282,-699.362,-470.492,-730.464,-504.045,1,0,2,30,0,0,0,0,0,
40406,2424,16.8375,60.0282,-699.362,-470.492,-730.464,-504.045,1,0,2,30,0,0,0,0,0,
40622,2437,16.4791,60.0282,-699.362,-470.492,-730.464,-504.045,1,0,2,30,0,0,0,0,0,
40822,2449,16.6809,60.021,-699.362,-470.492,-730.464,-504.045,1,0,2,30,0,0,0,0,0,
41039,2462,16.7068,60.021,-699.362,-470.492,-730.464,-504.045,1,0,2,30,0,0,0,0,0,
41255,2475,16.4601,60.021,-699.362,-470.492,-730.464,-504.045,1,0,2,30,0,0,0,0,0,
41472,2488,16.7399,60.021,-699.362,-447.157,-721.279,-490.002,1,0,2,30,0,0,0,0,0,
41697,2501,25.3625,60.0385,-699.362,-437.173,-717.308,-480.856,1,0,2,30,0,0,0,0,0,
41905,2514,16.5848,60.0385,-679.315,-437.173,-710.433,-471.191,1,0,2,30,0,0,0,0,0,
42122,2527,16.9377,60.0385,-666.007,-437.173,-703.259,-465.035,1,0,2,30,0,0,0,0,0,
42338,2540,16.6475,60.0385,-642.739,-437.173,-685.952,-455.866,1,0,2,30,0,0,0,0,0,
42538,2552,16.6704,60.0385,-642.739,-437.173,-685.952,-455.866,1,0,2,30,0,0,0,0,0,
42754,2565,16.8735,60.0421,-642.739,-437.173,-685.952,-455.866,1,0,2,30,0,0,0,0,0,
42954,2577,16.582,60.0421,-642.739,-440.489,-685.952,-455.866,1,0,2,30,0,0,0,0,0,
43171,2590,16.6525,60.0421,-642.739,-463.78,-685.952,-455.866,1,0,2,30,0,0,0,0,0,
43371,2602,16.8704,60.0421,-642.739,-470.433,-685.952,-455.866,1,0,2,30,0,0,0,0,0,
43587,2615,16.6816,60.0421,-642.739,-470.433,-685.952,-455.866,1,0,2,30,0,0,0,0,0,
43788,2627,17.5867,60.0365,-622.625,-470.433,-671.508,-459.66,1,0,2,30,0,0,0,0,0,
44004,2640,16.5974,60.0365,-599.341,-470.433,-648.76,-463.561,1,0,2,30,0,0,0,0,0,
44220,2653,16.7637,60.0365,-569.347,-470.433,-622.837,-466.27,1,0,2,30,0,0,0,0,0,
44437,2666,16.6947,60.0365,-549.409,-470.433,-599.656,-467.776,1,0,2,30,0,0,0,0,0,
44653,2679,16.6363,60.0365,-542.717,-470.433,-589.489,-468.257,1,0,2,30,0,0,0,0,0,
44853,2691,16.5232,60.0664,-542.717,-483.658,-587.177,-468.855,1,0,2,30,0,0,0,0,0,
45070,2704,16.7038,60.0664,-542.717,-493.632,-582.963,-470.894,1,0,2,30,0,0,0,0,0,
45286,2717,16.6289,60.0664,-542.717,-493.632,-582.963,-470.894,1,0,2,30,0,0,0,0,0,
45487,2729,16.6361,60.0664,-542.717,-510.265,-575.655,-477.172,1,0,2,30,0,0,0,0,0,
45703,2742,16.4889,59.981,-542.717,-510.265,-575.655,-477.172,1,0,2,30,0,0,0,0,0,
45920,2755,16.7139,59.981,-516.083,-510.265,-557.97,-488.694,1,0,2,30,0,0,0,0,0,
46136,2768,16.8965,59.981,-486.135,-510.265,-531.604,-497.811,1,0,2,30,0,0,0,0,0,
46353,2781,16.9916,59.981,-462.839,-510.265,-509.171,-502.324,1,0,2,30,0,0,0,0,0,
46569,2794,16.4492,59.981,-462.839,-506.975,-509.171,-502.324,1,0,2,30,0,0,0,0,0,
46785,2807,16.0064,60.0344,-462.839,-486.962,-506.91,-501.575,1,0,2,30,0,0,0,0,0,
46986,2819,16.5382,60.0344,-462.839,-486.962,-506.91,-501.575,1,0,2,30,0,0,0,0,0,
47186,2831,16.552,60.0344,-462.839,-486.962,-506.91,-501.575,1,0,2,30,0,0,0,0,0,
47402,2844,16.4404,60.0344,-462.839,-466.983,-498.955,-496.477,1,0,2,30,0,0,0,0,0,
47619,2857,16.6963,60.0344,-462.839,-466.983,-498.955,-496.477,1,0,2,30,0,0,0,0,0,
47835,2870,16.8327,60.0255,-462.839,-466.983,-498.955,-496.477,1,0,2,30,0,0,0,0,0,
48035,2882,16.4476,60.0255,-462.839,-466.983,-498.955,-496.477,1,0,2,30,0,0,0,0,0,
48235,2894,16.7759,60.0255,-462.839,-466.983,-498.955,-496.477,1,0,2,30,0,0,0,0,0,
48452,2907,16.7156,60.0255,-462.839,-466.983,-498.955,-496.477,1,0,2,30,0,0,0,0,0,
48652,2919,16.8056,60.0255,-462.839,-466.983,-498.955,-496.477,1,0,2,30,0,0,0,0,0,
48868,2932,16.98,60.0278,-442.931,-466.983,-486.478,-488.863,1,0,2,30,0,0,0,0,0,
49068,2944,16.5181,60.0278,-429.526,-466.983,-472.464,-483.174,1,0,2,30,0,0,0,0,0,
49285,2957,16.5988,60.0278,-429.526,-470.302,-472.464,-483.174,1,0,2,30,0,0,0,0,0,
49485,2969,16.9025,60.0278,-429.526,-483.621,-472.464,-483.174,1,0,2,30,0,0,0,0,0,
49685,2981,17.0635,60.0278,-449.54,-483.621,-472.464,-483.174,1,0,2,30,0,0,0,0,0,
49901,2994,16.2989,60.029,-452.828,-483.621,-472.464,-483.174,1,0,2,30,0,0,0,0,0,
50118,3007,16.5792,60.029,-452.828,-460.289,-472.464,-483.174,1,0,2,30,0,0,0,0,0,
50334,3020,16.6247,60.029,-452.828,-460.289,-472.464,-483.174,1,0,2,30,0,0,0,0,0,
50551,3033,16.6224,60.029,-452.828,-460.289,-472.464,-483.174,1,0,2,30,0,0,0,0,0,
50767,3046,16.6904,60.029,-452.828,-460.289,-472.464,-483.174,1,0,2,30,0,0,0,0,0,
50984,3059,16.55,60.0104,-452.828,-460.289,-472.464,-483.174,1,0,2,30,0,0,0,0,0,
51184,3071,16.5537,60.0104,-452.828,-460.289,-472.464,-483.174,1,0,2,30,0,0,0,0,0,
51401,3084,17.0475,60.0104,-452.828,-460.289,-472.464,-483.174,1,0,2,30,0,0,0,0,0,
51617,3097,16.7226,60.0104,-452.828,-460.289,-472.464,-483.174,1,0,2,30,0,0,0,0,0,
51817,3109,17.0508,60.0379,-452.828,-460.289,-472.464,-483.174,1,0,2,30,0,0,0,0,0,
52033,3122,16.91,60.0379,-452.828,-460.289,-472.464,-483.174,1,0,2,30,0,0,0,0,0,
52233,3134,16.4836,60.0379,-452.828,-460.289,-472.464,-483.174,1,0,2,30,0,0,0,0,0,
52433,3146,16.6612,60.0379,-452.828,-460.289,-472.464,-483.174,1,0,2,30,0,0,0,0,0,
52650,3159,16.6146,60.0379,-452.828,-460.289,-472.464,-483.174,1,0,2,30,0,0,0,0,0,
52859,3171,25.8238,60.0301,-452.828,-460.289,-472.464,-483.174,1,0,2,30,0,0,0,0,0,
53066,3184,16.5015,60.0301,-452.828,-460.289,-472.464,-483.174,1,0,2,30,0,0,0,0,0,
53283,3197,16.741,60.0301,-452.828,-460.289,-472.464,-483.174,1,0,2,30,0,0,0,0,0,
53499,3210,16.6659,60.0301,-452.828,-460.289,-472.464,-483.174,1,0,2,30,0,0,0,0,0,
53716,3223,16.7312,60.0301,-452.828,-460.289,-472.464,-483.174,1,0,2,30,0,0,0,0,0,
53932,3236,16.7912,60.0033,-452.828,-460.289,-472.464,-483.174,1,0,2,30,0,0,0,0,0,
54148,3249,16.6028,60.0033,-452.828,-460.289,-472.464,-483.174,1,0,2,30,0,0,0,0,0,
54349,3261,16.9536,60.0033,-452.828,-460.289,-472.464,-483.174,1,0,2,30,0,0,0,0,0,
54566,3274,16.8602,60.0033,-452.828,-460.289,-472.464,-483.174,1,0,2,30,0,0,0,0,0,
54766,3286,16.8505,60.0033,-452.828,-460.289,-472.464,-483.174,1,0,2,30,0,0,0,0,0,
54982,3299,16.9474,60.0508,-452.828,-460.289,-472.464,-483.174,1,0,2,30,0,0,0,0,0,
55198,3312,16.6008,60.0508,-452.828,-460.289,-472.464,-483.174,1,0,2,30,0,0,0,0,0,
55415,3325,16.7336,60.0508,-452.828,-460.289,-472.464,-483.174,1,0,2,30,0,0,0,0,0,
55615,3337,16.5558,60.0508,-452.828,-460.289,-472.464,-483.174,1,0,2,30,0,0,0,0,0,
55831,3350,16.4848,60.0508,-452.828,-460.289,-472.464,-483.174,1,0,2,30,0,0,0,0,0,
56048,3363,16.6671,60.0246,-452.828,-460.289,-472.464,-483.174,1,0,2,30,0,0,0,0,0,
56265,3376,16.7902,60.0246,-452.828,-460.289,-472.464,-483.174,1,0,2,30,0,0,0,0,0,
56481,3389,16.8866,60.0246,-452.828,-460.289,-472.464,-483.174,1,0,2,30,0,0,0,0,0,
56681,3401,17.0559,60.0246,-452.828,-460.289,-472.464,-483.174,1,0,2,30,0,0,0,0,0,
56898,3414,16.8294,60.0342,-452.828,-460.289,-472.464,-483.174,1,0,2,30,0,0,0,0,0,
57115,3427,16.774,60.0342,-452.828,-460.289,-472.464,-483.174,1,0,2,30,0,0,0,0,0,
57331,3440,16.2645,60.0342,-452.828,-460.289,-472.464,-483.174,1,0,2,30,0,0,0,0,0,
57531,3452,16.721,60.0342,-452.828,-460.289,-472.464,-483.174,1,0,2,30,0,0,0,0,0,
57747,3465,16.2523,60.0342,-452.828,-460.289,-472.464,-483.174,1,0,2,30,0,0,0,0,0,
57964,3478,16.8093,60.03,-452.828,-460.289,-472.464,-483.174,1,0,2,30,0,0,0,0,0,
58180,3491,16.6503,60.03,-452.828,-460.289,-472.464,-483.174,1,0,2,30,0,0,0,0,0,
58380,3503,16.6458,60.03,-452.828,-460.289,-472.464,-483.174,1,0,2,30,0,0,0,0,0,
58597,3516,16.7057,60.03,-452.828,-460.289,-472.464,-483.174,1,0,2,30,0,0,0,0,0,
58814,3529,16.7411,60.03,-452.828,-460.289,-472.464,-483.174,1,0,2,30,0,0,0,0,0,
59029,3542,16.5251,60.017,-452.828,-460.289,-472.464,-483.174,1,0,2,30,0,0,0,0,0,
59230,3554,16.5286,60.017,-452.828,-460.289,-472.464,-483.174,1,0,2,30,0,0,0,0,0,
59447,3567,16.6827,60.017,-452.828,-460.289,-472.464,-483.174,1,0,2,30,0,0,0,0,0,
59663,3580,16.5451,60.017,-452.828,-460.289,-472.464,-483.174,1,0,2,30,0,0,0,0,0,
59880,3593,16.8371,60.017,-452.828,-460.289,-472.464,-483.174,1,0,2,30,0,0,0,0,0,
60096,3606,16.6219,60.0256,-452.828,-460.289,-472.464,-483.174,1,0,2,30,0,0,0,0,0,
60296,3618,16.8041,60.0256,-452.828,-460.289,-472.464,-483.174,1,0,2,30,0,0,0,0,0,
60496,3630,16.844,60.0256,-452.828,-460.289,-472.464,-483.174,1,0,2,30,0,0,0,0,0,
60713,3643,16.689,60.0256,-452.828,-460.289,-472.464,-483.174,1,0,2,30,0,0,0,0,0,
60929,3656,16.5768,60.0256,-452.828,-460.289,-472.464,-483.174,1,0,2,30,0,0,0,0,0,
61146,3669,17.0022,60.0275,-452.828,-460.289,-472.464,-483.174,1,0,2,30,0,0,0,0,0,
61362,3682,16.4832,60.0275,-452.828,-460.289,-472.464,-483.174,1,0,2,30,0,0,0,0,0,
61579,3695,16.8371,60.0275,-452.828,-460.289,-472.464,-483.174,1,0,2,30,0,0,0,0,0,
61795,3708,16.8212,60.0275,-452.828,-460.289,-472.464,-483.174,1,0,2,30,0,0,0,0,0,
62005,3720,26.5461,60.0585,-452.828,-460.289,-472.464,-483.174,1,0,2,30,0,0,0,0,0,
62212,3733,16.7722,60.0585,-452.828,-460.289,-472.464,-483.174,1,0,2,30,0,0,0,0,0,
62428,3746,16.6011,60.0585,-452.828,-460.289,-472.464,-483.174,1,0,2,30,0,0,0,0,0,
62645,3759,16.6904,60.0585,-452.828,-460.289,-472.464,-483.174,1,0,2,30,0,0,0,0,0,
62862,3772,16.8028,60.0585,-452.828,-460.289,-472.464,-483.174,1,0,2,30,0,0,0,0,0,
63077,3785,16.6734,60.027,-452.828,-460.289,-472.464,-483.174,1,0,2,30,0,0,0,0,0,
63278,3797,16.6017,60.027,-452.828,-460.289,-472.464,-483.174,1,0,2,30,0,0,0,0,0,
63478,3809,16.8023,60.027,-452.828,-460.289,-472.464,-483.174,1,0,2,30,0,0,0,0,0,
63694,3822,16.3645,60.027,-452.828,-460.289,-472.464,-483.174,1,0,2,30,0,0,0,0,0,
63911,3835,16.6685,60.027,-452.828,-460.289,-472.464,-483.174,1,0,2,30,0,0,0,0,0,
64127,3848,16.6847,60.0288,-452.828,-460.289,-472.464,-483.174,1,0,2,30,0,0,0,0,0,
64344,3861,16.6697,60.0288,-452.828,-460.289,-472.464,-483.174,1,0,2,30,0,0,0,0,0,
64561,3874,16.6975,60.0288,-452.828,-460.289,-472.464,-483.174,1,0,2,30,0,0,0,0,0,
64761,3886,16.9219,60.0288,-452.828,-460.289,-472.464,-483.174,1,0,2,30,0,0,0,0,0,
64961,3898,16.7563,60.0288,-452.828,-460.289,-472.464,-483.174,1,0,2,30,0,0,0,0,0,
65177,3911,17.249,60.0701,-452.828,-460.289,-472.464,-483.174,1,0,2,30,0,0,0,0,0,
65377,3923,16.8078,60.0701,-452.828,-460.289,-472.464,-483.174,1,0,2,30,0,0,0,0,0,
65577,3935,16.8787,60.0701,-452.828,-460.289,-472.464,-483.174,1,0,2,30,0,0,0,0,0,
65777,3947,16.9908,60.0701,-452.828,-460.289,-472.464,-483.174,1,0,2,30,0,0,0,0,0,
0,0,0.048596,0,0,0,0,0,1,25,18,18,18,18,0,0,0,chunk_loads
247,1,100,0,0,0,0,0,1,25,18,18,0,0,0,0,0,
456,21,16.6172,0,0,0,0,0,1,25,18,18,0,0,0,0,0,
672,34,16.6044,0,0,0,0,0,1,25,18,18,0,0,0,0,0,
889,47,16.8382,0,0,0,0,0,1,25,18,18,0,0,0,0,0,
1105,60,16.6464,54.6745,0,0,0,0,1,25,18,18,0,0,0,0,0,
1305,72,16.6066,54.6745,0,0,0,0,1,25,18,18,0,0,0,0,0,
1522,85,16.6476,54.6745,0,0,0,0,1,25,18,18,0,0,0,0,0,
1722,97,16.9248,54.6745,0,0,0,0,1,25,18,18,0,0,0,0,0,
1939,110,16.6239,54.6745,0,0,0,0,1,25,18,18,0,0,0,0,0,
2155,123,16.8165,60.0165,0,0,0,0,1,25,18,18,0,0,0,0,0,
2372,136,16.5429,60.0165,0,0,0,0,1,25,18,18,0,0,0,0,0,
2588,149,16.6555,60.0165,0,0,0,0,1,25,18,18,0,0,0,0,0,
2805,162,16.7325,60.0165,0,0,0,0,1,25,18,18,0,0,0,0,0,
3021,175,16.779,60.0165,0,0,0,0,1,25,18,18,0,0,0,0,0,
3238,188,16.749,60.023,0,0,0,0,1,25,18,18,0,0,0,0,0,
3455,201,16.8999,60.023,0,0,0,0,1,25,18,18,0,0,0,0,0,
3671,214,16.69,60.023,0,0,0,0,1,25,18,18,0,0,0,0,0,
3888,227,16.6939,60.023,0,0,0,0,1,25,18,18,0,0,0,0,0,
4096,239,25.1921,60.0378,0,0,0,0,1,25,18,18,0,0,0,0,0,
4170,244,16.8962,60.0378,0,0,0,0,1,0,0,18,0,0,0,0,0,radius_change
4304,252,16.7782,60.0378,0,0,0,0,1,0,2,18,0,0,0,0,0,
4521,265,16.7695,60.0378,0,0,0,0,1,0,2,18,0,0,0,0,0,
4737,278,16.576,60.0378,0,0,0,0,1,0,2,18,0,0,0,0,0,
4954,291,16.5884,60.0378,0,0,0,0,1,0,2,18,0,0,0,0,0,
5170,304,16.8117,60.0396,0,0,0,0,1,0,2,18,0,0,0,0,0,
5370,316,16.6759,60.0396,0,0,0,0,1,0,2,18,0,0,0,0,0,
5587,329,16.7056,60.0396,0,0,0,0,1,0,2,18,0,0,0,0,0,
5787,341,16.7499,60.0396,0,0,0,0,1,0,2,18,0,0,0,0,0,
6003,354,16.6221,60.0396,0,0,0,0,1,0,2,18,0,0,0,0,0,
6220,367,16.7371,60.0135,0,0,0,0,1,0,2,18,0,0,0,0,0,
6436,380,16.7118,60.0135,0,0,0,0,1,0,2,18,0,0,0,0,0,
6636,392,16.7205,60.0135,0,0,0,0,1,0,2,18,0,0,0,0,0,
6853,405,16.6676,60.0135,0,0,0,0,1,0,2,18,0,0,0,0,0,
7069,418,16.8031,60.0135,0,0,0,0,1,0,2,18,0,0,0,0,0,
7286,431,16.6685,60.0388,0,0,0,0,1,0,2,18,0,0,0,0,0,
7486,443,16.8019,60.0388,0,0,0,0,1,0,2,18,0,0,0,0,0,
7702,456,16.6184,60.0388,0,0,0,0,1,0,2,18,0,0,0,0,0,
7919,469,16.6682,60.0388,0,0,0,0,1,0,2,18,0,0,0,0,0,
8119,481,16.67,60.0242,0,0,0,0,1,0,2,18,0,0,0,0,0,
8335,494,16.6604,60.0242,0,-26.5715,0,0,1,0,2,18,0,0,0,0,0,
8536,506,16.6551,60.0242,0,-66.749,0,-15.2804,1,0,2,18,0,0,0,0,0,
8752,519,16.6491,60.0242,0,-110.051,0,-52.1118,1,0,2,18,0,0,0,0,0,
8968,532,16.7332,60.0242,0,-153.336,0,-92.0178,1,0,2,18,0,0,0,0,0,
9178,544,26.3933,60.0183,0,-195.336,0,-132.364,1,0,2,18,0,0,0,0,0,
9385,557,16.25,60.0183,0,-236.612,0,-172.688,1,0,2,18,0,0,0,0,0,
9585,569,16.5743,60.0183,0,-276.622,0,-212.206,1,0,2,18,0,0,0,0,0,
9801,582,16.5017,60.0183,0,-319.895,0,-255.192,1,0,2,18,0,0,0,0,0,
10018,595,16.7208,60.0183,0,-363.22,0,-298.368,1,0,2,18,0,0,0,0,0,
10234,608,17.2472,60.0259,0,-406.494,0,-341.595,1,0,2,18,0,0,0,0,0,
10434,620,16.5747,60.0259,0,-446.54,0,-381.59,1,0,2,18,0,0,0,0,0,
10651,633,16.7891,60.0259,0,-489.844,0,-424.864,1,0,2,18,0,0,0,0,0,
10868,646,16.8044,60.0259,0,-533.178,0,-468.181,1,0,2,18,0,0,0,0,0,
11084,659,16.6352,60.0259,0,-576.47,0,-511.464,1,0,2,18,0,0,0,0,0,
11301,672,16.9828,60.0374,0,-619.764,0,-554.784,1,0,2,18,0,0,0,0,0,
11517,685,16.4397,60.0374,0,-663.051,0,-598.054,1,0,2,18,0,0,0,0,0,
11734,698,16.8976,60.0374,0,-706.429,0,-641.425,1,0,2,18,0,0,0,0,0,
11950,711,16.7126,60.0374,0,-749.714,0,-684.704,1,0,2,18,0,0,0,0,0,
12150,723,16.929,60.0374,0,-789.723,0,-724.712,1,0,2,18,0,0,0,0,0,
12367,736,16.7198,60.0335,0,-833.008,0,-768.018,1,0,2,18,0,0,0,0,0,
12533,746,16.5771,60.0335,0,-866.312,0,-801.312,1,0,2,20,2,2,0,0,0,chunk_loads
12588,747,54.7799,60.0335,0,-877.268,0,-812.823,1,0,2,20,0,0,0,0,0,
12800,762,16.6101,60.0335,0,-919.62,0,-854.896,1,0,2,20,0,0,0,0,0,
13016,775,16.7542,60.0335,0,-962.93,0,-898.066,1,0,2,20,0,0,0,0,0,
13242,788,25.9666,60.021,0,-1008.12,0,-943.251,1,0,2,20,0,0,0,0,0,
13450,801,16.7117,60.021,0,-1049.59,0,-984.641,1,0,2,20,0,0,0,0,0,
13666,814,16.6938,60.021,0,-1092.87,0,-1027.89,1,0,2,20,0,0,0,0,0,
13866,826,16.9088,60.021,0,-1132.89,0,-1067.9,1,0,2,20,0,0,0,0,0,
14083,839,16.6794,60.021,0,-1176.18,0,-1111.17,1,0,2,20,0,0,0,0,0,
14299,852,16.6327,60.0404,0,-1219.45,0,-1154.47,1,0,2,20,0,0,0,0,0,
14499,864,16.8753,60.0404,0,-1259.49,0,-1194.5,1,0,2,20,0,0,0,0,0,
14516,865,16.4726,60.0404,-2.32958,-1261.82,-0.112324,-1197.75,1,0,2,22,2,2,0,0,0,chunk_loads
14716,877,16.6843,60.0404,-42.3348,-1261.82,-12.1418,-1226.66,1,0,2,22,0,0,0,0,0,
14916,889,16.72,60.0404,-82.3431,-1261.82,-36.4372,-1242.53,1,0,2,22,0,0,0,0,0,
15132,902,16.3243,60.0404,-125.601,-1261.82,-70.572,-1251.74,1,0,2,22,0,0,0,0,0,
15332,914,16.8231,60.0131,-165.613,-1261.82,-106.119,-1256.29,1,0,2,22,0,0,0,0,0,
15532,926,16.7039,60.0131,-205.624,-1261.82,-143.639,-1258.79,1,0,2,22,0,0,0,0,0,
15749,939,16.7189,60.0131,-248.942,-1261.82,-185.51,-1260.24,1,0,2,22,0,0,0,0,0,
15965,952,16.7553,60.0131,-292.267,-1261.82,-228.079,-1260.99,1,0,2,22,0,0,0,0,0,
16182,965,16.6721,60.0131,-310.273,-1233.81,-266.159,-1255.64,1,0,2,22,0,0,0,0,0,
16398,978,16.8051,60.0385,-310.273,-1190.5,-286.646,-1233.59,1,0,2,22,0,0,0,0,0,
16615,991,16.5991,60.0385,-310.273,-1147.19,-297.934,-1200.76,1,0,2,22,0,0,0,0,0,
16831,1004,16.7092,60.0385,-310.273,-1103.89,-303.829,-1162.92,1,0,2,22,0,0,0,0,0,
17032,1016,16.5925,60.0385,-310.273,-1063.87,-306.738,-1125.6,1,0,2,22,0,0,0,0,0,
17233,1028,17.8096,60.0385,-310.273,-1063.87,-307.651,-1109.65,1,0,2,22,0,0,0,0,0,
17448,1041,16.6204,60.0283,-310.273,-1063.87,-307.651,-1109.65,1,0,2,22,0,0,0,0,0,
17664,1054,16.7928,60.0283,-310.273,-1063.87,-307.651,-1109.65,1,0,2,22,0,0,0,0,0,
17881,1067,16.8509,60.0283,-310.273,-1063.87,-307.651,-1109.65,1,0,2,22,0,0,0,0,0,
18098,1080,16.624,60.0283,-310.273,-1063.87,-307.651,-1109.65,1,0,2,22,0,0,0,0,0,
18322,1093,24.3247,60.0327,-310.273,-1063.87,-310.273,-1063.87,1,0,2,22,0,0,0,0,0,
18530,1106,16.6204,60.0327,-310.273,-1063.87,-310.273,-1063.87,1,0,2,22,0,0,0,0,0,
18731,1118,16.8305,60.0327,-310.273,-1063.87,-310.273,-1063.87,1,0,2,22,0,0,0,0,0,
18946,1131,16.7744,60.0327,-310.273,-1063.87,-310.273,-1063.87,1,0,2,22,0,0,0,0,0,
19147,1143,16.8354,60.0327,-310.273,-1063.87,-310.273,-1063.87,1,0,2,22,0,0,0,0,0,
19363,1156,16.2182,60.0236,-310.273,-1063.87,-310.273,-1063.87,1,0,2,22,0,0,0,0,0,
19563,1168,16.5345,60.0236,-310.273,-1047.24,-310.273,-1047.24,1,0,2,22,0,0,0,0,0,
19763,1180,16.8096,60.0236,-310.273,-1007.23,-310.273,-1007.23,1,0,2,22,0,0,0,0,0,
19964,1192,16.8763,60.0236,-310.273,-967.213,-310.273,-967.213,1,0,2,22,0,0,0,0,0,
20180,1205,16.4853,60.0236,-310.273,-943.977,-310.273,-943.977,1,0,2,22,0,0,0,0,0,
20396,1218,16.7793,60.019,-353.446,-943.977,-353.446,-943.977,1,0,2,22,0,0,0,0,0,
20596,1230,16.5049,60.019,-393.568,-943.977,-393.568,-943.977,1,0,2,22,0,0,0,0,0,
20813,1243,16.6178,60.019,-436.884,-943.977,-436.884,-943.977,1,0,2,22,0,0,0,0,0,
21029,1256,16.5823,60.019,-480.174,-943.977,-480.174,-943.977,1,0,2,22,0,0,0,0,0,
21246,1269,16.9372,60.019,-520.167,-943.977,-520.167,-943.977,1,0,2,22,0,0,0,0,0,
21463,1282,16.9272,60.0388,-520.167,-943.977,-520.167,-943.977,1,0,2,22,0,0,0,0,0,
21679,1295,17.07,60.0388,-520.167,-923.992,-520.167,-923.992,1,0,2,22,0,0,0,0,0,
21896,1308,16.7175,60.0388,-520.167,-880.677,-520.167,-880.677,1,0,2,22,0,0,0,0,0,
22112,1321,16.5551,60.0388,-520.167,-837.403,-520.167,-837.403,1,0,2,22,0,0,0,0,0,
22329,1334,16.5982,60.0388,-520.167,-794.1,-520.167,-794.1,1,0,2,22,0,0,0,0,0,
22529,1346,16.6972,60.0123,-515.47,-756.046,-515.47,-756.046,1,0,2,22,0,0,0,0,0,
22745,1359,16.5656,60.0123,-473.158,-753.683,-473.158,-753.683,1,0,2,22,0,0,0,0,0,
22962,1372,16.7949,60.0123,-429.828,-753.683,-429.828,-753.683,1,0,2,22,0,0,0,0,0,
23178,1385,16.779,60.0123,-386.501,-753.683,-386.501,-753.683,1,0,2,22,0,0,0,0,0,
23379,1397,17.0894,60.0507,-346.464,-753.683,-346.464,-753.683,1,0,2,22,0,0,0,0,0,
23595,1410,16.7828,60.0507,-303.196,-753.683,-303.196,-753.683,1,0,2,22,0,0,0,0,0,
23812,1423,16.9348,60.0507,-259.814,-753.683,-259.814,-753.683,1,0,2,22,0,0,0,0,0,
24028,1436,16.5803,60.0507,-259.814,-713.713,-259.814,-713.713,1,0,2,22,0,0,0,0,0,
24245,1449,16.7049,60.0507,-259.814,-670.412,-259.814,-670.412,1,0,2,22,0,0,0,0,0,
24460,1462,16.7739,60.021,-259.814,-627.237,-259.814,-627.237,1,0,2,22,0,0,0,0,0,
24661,1474,16.6674,60.021,-259.814,-587.131,-259.814,-587.131,1,0,2,22,0,0,0,0,0,
24878,1487,16.7907,60.021,-259.814,-543.78,-259.814,-543.78,1,0,2,22,0,0,0,0,0,
25094,1500,16.5639,60.021,-259.814,-500.525,-259.814,-500.525,1,0,2,22,0,0,0,0,0,
25294,1512,16.6926,60.021,-259.814,-470.523,-259.814,-470.523,1,0,2,22,0,0,0,0,0,
25494,1524,17.1328,60.0192,-259.814,-470.523,-259.814,-470.523,1,0,2,22,0,0,0,0,0,
25711,1537,16.7119,60.0192,-259.814,-470.523,-259.814,-470.523,1,0,2,22,0,0,0,0,0,
25911,1549,16.9237,60.0192,-259.814,-493.889,-259.814,-493.889,1,0,2,22,0,0,0,0,0,
26127,1562,16.366,60.0192,-259.814,-537.158,-259.814,-537.158,1,0,2,22,0,0,0,0,0,
26327,1574,16.8846,60.0192,-259.814,-577.169,-259.814,-577.169,1,0,2,22,0,0,0,0,0,
26544,1587,17.2995,60.0412,-259.814,-620.484,-259.814,-620.484,1,0,2,22,0,0,0,0,0,
26760,1600,16.7004,60.0412,-259.814,-623.898,-259.814,-623.898,1,0,2,22,0,0,0,0,0,
26960,1612,16.6895,60.0412,-259.814,-623.898,-259.814,-623.898,1,0,2,22,0,0,0,0,0,
27176,1625,16.7397,60.0412,-259.814,-623.898,-259.814,-623.898,1,0,2,22,0,0,0,0,0,
27393,1638,16.5184,60.0412,-259.814,-623.898,-259.814,-623.898,1,0,2,22,0,0,0,0,0,
27610,1651,17.03,60.0234,-259.814,-623.898,-259.814,-623.898,1,0,2,22,0,0,0,0,0,
27826,1664,16.4191,60.0234,-236.465,-623.898,-236.465,-623.898,1,0,2,22,0,0,0,0,0,
28043,1677,16.791,60.0234,-236.465,-623.898,-236.465,-623.898,1,0,2,22,0,0,0,0,0,
28259,1690,16.5486,60.0234,-236.465,-623.898,-236.465,-623.898,1,0,2,22,0,0,0,0,0,
28483,1703,24.0995,60.0261,-236.465,-623.898,-236.465,-623.898,1,0,2,22,0,0,0,0,0,
28693,1716,16.5173,60.0261,-236.465,-623.898,-236.465,-623.898,1,0,2,22,0,0,0,0,0,
28909,1729,16.7772,60.0261,-236.465,-623.898,-236.465,-623.898,1,0,2,22,0,0,0,0,0,
29125,1742,16.625,60.0261,-236.465,-623.898,-236.465,-623.898,1,0,2,22,0,0,0,0,0,
29342,1755,16.8215,60.0261,-236.465,-600.579,-236.465,-600.579,1,0,2,22,0,0,0,0,0,
29558,1768,16.7807,60.0264,-236.465,-600.579,-236.465,-600.579,1,0,2,22,0,0,0,0,0,
29759,1780,16.6487,60.0264,-236.465,-600.579,-236.465,-600.579,1,0,2,22,0,0,0,0,0,
29959,1792,16.8239,60.0264,-236.465,-600.579,-236.465,-600.579,1,0,2,22,0,0,0,0,0,
30175,1805,16.5035,60.0264,-213.17,-600.579,-213.17,-600.579,1,0,2,22,0,0,0,0,0,
30392,1818,16.6483,60.0264,-213.17,-600.579,-213.17,-600.579,1,0,2,22,0,0,0,0,0,
30608,1831,16.7087,60.0208,-226.626,-600.579,-226.626,-600.579,1,0,2,22,0,0,0,0,0,
30808,1843,16.7456,60.0208,-236.667,-600.579,-236.667,-600.579,1,0,2,22,0,0,0,0,0,
31025,1856,16.81,60.0208,-236.667,-600.579,-236.667,-600.579,1,0,2,22,0,0,0,0,0,
31241,1869,16.6966,60.0208,-236.667,-577.329,-236.667,-577.329,1,0,2,22,0,0,0,0,0,
31458,1882,16.7051,60.0208,-236.667,-577.329,-236.667,-577.329,1,0,2,22,0,0,0,0,0,
31675,1895,17.14,60.0325,-236.667,-597.279,-236.667,-597.279,1,0,2,22,0,0,0,0,0,
31891,1908,16.7846,60.0325,-236.667,-613.946,-236.667,-613.946,1,0,2,22,0,0,0,0,0,
32107,1921,16.5303,60.0325,-236.667,-613.946,-236.667,-613.946,1,0,2,22,0,0,0,0,0,
32324,1934,16.7744,60.0325,-216.69,-613.946,-216.69,-613.946,1,0,2,22,0,0,0,0,0,
32524,1946,17.0119,60.0394,-216.69,-613.946,-216.69,-613.946,1,0,2,22,0,0,0,0,0,
32740,1959,16.7778,60.0394,-216.69,-613.946,-216.69,-613.946,1,0,2,22,0,0,0,0,0,
32941,1971,16.7806,60.0394,-216.69,-613.946,-216.69,-613.946,1,0,2,22,0,0,0,0,0,
33157,1984,16.7465,60.0394,-216.69,-613.946,-216.69,-613.946,1,0,2,22,0,0,0,0,0,
33373,1997,16.4868,60.0394,-216.69,-613.946,-216.69,-613.946,1,0,2,22,0,0,0,0,0,
33575,2009,8.01437,60.0102,-243.333,-613.946,-243.333,-613.946,1,0,2,22,0,0,0,0,0,
33790,2022,16.6826,60.0102,-243.333,-613.946,-243.333,-613.946,1,0,2,22,0,0,0,0,0,
34007,2035,17.1711,60.0102,-243.333,-613.946,-243.333,-613.946,1,0,2,22,0,0,0,0,0,
34207,2047,17.2991,60.0102,-243.333,-593.922,-243.333,-593.922,1,0,2,22,0,0,0,0,0,
34423,2060,16.8152,60.0102,-243.333,-573.906,-243.333,-573.906,1,0,2,22,0,0,0,0,0,
34640,2073,16.8746,60.0391,-243.333,-560.643,-243.333,-560.643,1,0,2,22,0,0,0,0,0,
34856,2086,16.5282,60.0391,-243.333,-543.986,-243.333,-543.986,1,0,2,22,0,0,0,0,0,
35073,2099,16.7472,60.0391,-243.333,-527.365,-243.333,-527.365,1,0,2,22,0,0,0,0,0,
35289,2112,16.591,60.0391,-243.333,-510.713,-243.333,-510.713,1,0,2,22,0,0,0,0,0,
35506,2125,16.5637,60.0391,-243.333,-490.728,-243.333,-490.728,1,0,2,22,0,0,0,0,0,
35706,2137,16.8133,60.029,-243.333,-470.578,-243.333,-470.578,1,0,2,22,0,0,0,0,0,
35922,2150,16.8184,60.029,-243.333,-463.938,-243.333,-463.938,1,0,2,22,0,0,0,0,0,
36139,2163,16.7499,60.029,-243.333,-463.938,-243.333,-463.938,1,0,2,22,0,0,0,0,0,
36339,2175,17.1881,60.029,-243.333,-473.928,-243.333,-473.928,1,0,2,22,0,0,0,0,0,
36556,2188,16.7961,60.029,-243.333,-490.507,-243.333,-490.507,1,0,2,22,0,0,0,0,0,
36772,2201,16.2739,60.0313,-243.333,-510.445,-243.333,-510.445,1,0,2,22,0,0,0,0,0,
36989,2214,16.8349,60.0313,-243.333,-523.802,-243.333,-523.802,1,0,2,22,0,0,0,0,0,
37205,2227,16.4176,60.0313,-243.333,-537.081,-243.333,-537.081,1,0,2,22,0,0,0,0,0,
37405,2239,16.8016,60.0313,-243.333,-553.755,-243.333,-553.755,1,0,2,22,0,0,0,0,0,
37630,2252,25.2134,60.0193,-243.333,-578.805,-243.333,-578.805,1,0,2,22,0,0,0,0,0,
37838,2265,16.6596,60.0193,-243.333,-600.337,-243.333,-600.337,1,0,2,22,0,0,0,0,0,
38055,2278,16.9173,60.0193,-243.333,-617.011,-243.333,-617.011,1,0,2,22,0,0,0,0,0,
38272,2291,16.8838,60.0193,-243.333,-617.011,-243.333,-617.011,1,0,2,22,0,0,0,0,0,
38472,2303,17.1446,60.0193,-216.693,-617.011,-216.693,-617.011,1,0,2,22,0,0,0,0,0,
38687,2316,16.6258,60.0363,-216.693,-617.011,-216.693,-617.011,1,0,2,22,0,0,0,0,0,
38887,2328,16.5137,60.0363,-216.693,-617.011,-216.693,-617.011,1,0,2,22,0,0,0,0,0,
39088,2340,16.9629,60.0363,-216.693,-617.011,-216.693,-617.011,1,0,2,22,0,0,0,0,0,
39304,2353,16.3182,60.0363,-216.693,-617.011,-216.693,-617.011,1,0,2,22,0,0,0,0,0,
39521,2366,16.7262,60.0363,-216.693,-617.011,-216.693,-617.011,1,0,2,22,0,0,0,0,0,
39737,2379,17.0368,60.0355,-216.693,-617.011,-216.693,-617.011,1,0,2,22,0,0,0,0,0,
39937,2391,16.5076,60.0355,-216.693,-617.011,-216.693,-617.011,1,0,2,22,0,0,0,0,0,
40154,2404,16.5684,60.0355,-216.693,-617.011,-216.693,-617.011,1,0,2,22,0,0,0,0,0,
40369,2417,16.4781,60.0355,-216.693,-617.011,-216.693,-617.011,1,0,2,22,0,0,0,0,0,
40570,2429,16.8094,60.0355,-216.693,-617.011,-216.693,-617.011,1,0,2,22,0,0,0,0,0,
40787,2442,16.6175,60.0039,-216.693,-617.011,-216.693,-617.011,1,0,2,22,0,0,0,0,0,
41004,2455,16.9412,60.0039,-216.693,-617.011,-216.693,-617.011,1,0,2,22,0,0,0,0,0,
41220,2468,16.7198,60.0039,-216.693,-617.011,-216.693,-617.011,1,0,2,22,0,0,0,0,0,
41420,2480,16.8798,60.0039,-216.693,-617.011,-216.693,-617.011,1,0,2,22,0,0,0,0,0,
41636,2493,16.397,60.0039,-216.693,-610.41,-216.693,-610.41,1,0,2,22,0,0,0,0,0,
41853,2506,16.7907,60.035,-216.693,-567.063,-216.693,-567.063,1,0,2,22,0,0,0,0,0,
42053,2518,16.8036,60.035,-216.693,-527.024,-216.693,-527.024,1,0,2,22,0,0,0,0,0,
42269,2531,16.3893,60.035,-216.693,-483.799,-216.693,-483.799,1,0,2,22,0,0,0,0,0,
42469,2543,16.3592,60.035,-216.693,-443.784,-216.693,-443.784,1,0,2,22,0,0,0,0,0,
42686,2556,17.0527,60.0451,-216.693,-400.395,-216.693,-400.395,1,0,2,22,0,0,0,0,0,
42902,2569,16.6131,60.0451,-216.693,-357.149,-216.693,-357.149,1,0,2,22,0,0,0,0,0,
43119,2582,16.7723,60.0451,-216.693,-313.838,-216.693,-313.838,1,0,2,22,0,0,0,0,0,
43319,2594,16.9982,60.0451,-216.693,-273.822,-216.693,-273.822,1,0,2,22,0,0,0,0,0,
43535,2607,16.6235,60.0451,-216.693,-230.564,-216.693,-230.564,1,0,2,22,0,0,0,0,0,
43736,2619,6.94395,60.044,-216.693,-190.471,-216.693,-190.471,1,0,2,22,0,0,0,0,0,
43952,2632,16.4081,60.044,-216.693,-147.26,-216.693,-147.26,1,0,2,22,0,0,0,0,0,
44168,2645,16.7018,60.044,-216.693,-103.943,-216.693,-103.943,1,0,2,22,0,0,0,0,0,
44385,2658,16.6037,60.044,-216.693,-60.6593,-216.693,-60.6593,1,0,2,22,0,0,0,0,0,
44602,2671,16.8622,60.044,-216.693,-17.3026,-216.693,-17.3026,1,0,2,22,0,0,0,0,0,
44802,2683,16.8768,60.0158,-216.693,22.7147,-216.693,22.7147,1,0,2,22,0,0,0,0,0,
45018,2696,16.4694,60.0158,-216.693,65.9618,-216.693,65.9618,1,0,2,22,0,0,0,0,0,
45235,2709,16.8326,60.0158,-216.693,109.298,-216.693,109.298,1,0,2,22,0,0,0,0,0,
45451,2722,16.7624,60.0158,-216.693,152.621,-216.693,152.621,1,0,2,22,0,0,0,0,0,
45667,2735,16.3349,60.0158,-216.693,195.848,-216.693,195.848,1,0,2,22,0,0,0,0,0,
45867,2747,16.5594,60.0401,-216.693,235.861,-216.693,235.861,1,0,2,22,0,0,0,0,0,
46068,2759,17.0272,60.0401,-216.693,272.567,-216.693,272.567,1,0,2,22,0,0,0,0,0,
46284,2772,16.5781,60.0401,-216.693,272.567,-216.693,272.567,1,0,2,22,0,0,0,0,0,
46501,2785,16.672,60.0401,-216.693,272.567,-216.693,272.567,1,0,2,22,0,0,0,0,0,
46717,2798,16.721,60.0401,-216.693,249.253,-216.693,249.253,1,0,2,22,0,0,0,0,0,
46934,2811,16.8447,59.9953,-216.693,205.935,-216.693,205.935,1,0,2,22,0,0,0,0,0,
47150,2824,16.391,59.9953,-216.693,162.673,-216.693,162.673,1,0,2,22,0,0,0,0,0,
47367,2837,16.7946,59.9953,-216.693,119.317,-216.693,119.317,1,0,2,22,0,0,0,0,0,
47567,2849,16.7152,59.9953,-216.693,79.3031,-216.693,79.3031,1,0,2,22,0,0,0,0,0,
47793,2862,25.706,60.0461,-216.693,34.1829,-216.693,34.1829,1,0,2,22,0,0,0,0,0,
48000,2875,16.3819,60.0461,-216.693,-7.25353,-216.693,-7.25353,1,0,2,22,0,0,0,0,0,
48216,2888,16.745,60.0461,-216.693,-50.5746,-216.693,-50.5746,1,0,2,22,0,0,0,0,0,
48416,2900,16.7158,60.0461,-216.693,-90.5864,-216.693,-90.5864,1,0,2,22,0,0,0,0,0,
48633,2913,16.5269,60.0461,-216.693,-133.868,-216.693,-133.868,1,0,2,22,0,0,0,0,0,
48849,2926,17.094,60.076,-216.693,-177.18,-216.693,-177.18,1,0,2,22,0,0,0,0,0,
49049,2938,16.8605,60.076,-216.693,-217.184,-216.693,-217.184,1,0,2,22,0,0,0,0,0,
49266,2951,16.5504,60.076,-216.693,-260.471,-216.693,-260.471,1,0,2,22,0,0,0,0,0,
49466,2963,16.6948,60.076,-216.693,-300.503,-216.693,-300.503,1,0,2,22,0,0,0,0,0,
49682,2976,16.5645,60.076,-216.693,-343.769,-216.693,-343.769,1,0,2,22,0,0,0,0,0,
49899,2989,17.1842,59.9946,-216.693,-387.139,-216.693,-387.139,1,0,2,22,0,0,0,0,0,
50116,3002,16.6923,59.9946,-216.693,-430.426,-216.693,-430.426,1,0,2,22,0,0,0,0,0,
50332,3015,16.5576,59.9946,-216.693,-473.735,-216.693,-473.735,1,0,2,22,0,0,0,0,0,
50548,3028,16.8528,59.9946,-216.693,-516.942,-216.693,-516.942,1,0,2,22,0,0,0,0,0,
50749,3040,16.6843,59.9946,-216.693,-557.016,-216.693,-557.016,1,0,2,22,0,0,0,0,0,
50965,3053,16.6576,60.0193,-216.693,-583.541,-216.693,-583.541,1,0,2,22,0,0,0,0,0,
51182,3066,16.8792,60.0193,-216.693,-583.541,-216.693,-583.541,1,0,2,22,0,0,0,0,0,
51398,3079,16.7278,60.0193,-216.693,-583.541,-216.693,-583.541,1,0,2,22,0,0,0,0,0,
51615,3092,16.7502,60.0193,-216.693,-583.541,-216.693,-583.541,1,0,2,22,0,0,0,0,0,
51839,3105,24.5762,60.0303,-216.693,-583.541,-216.693,-583.541,1,0,2,22,0,0,0,0,0,
52048,3118,16.494,60.0303,-216.693,-583.541,-216.693,-583.541,1,0,2,22,0,0,0,0,0,
52265,3131,16.8247,60.0303,-216.693,-583.541,-216.693,-583.541,1,0,2,22,0,0,0,0,0,
52481,3144,16.4919,60.0303,-216.693,-606.872,-216.693,-606.872,1,0,2,22,0,0,0,0,0,
52698,3157,16.761,60.0303,-216.693,-623.466,-216.693,-623.466,1,0,2,22,0,0,0,0,0,
52914,3170,16.5949,60.0327,-216.693,-636.824,-216.693,-636.824,1,0,2,22,0,0,0,0,0,
53131,3183,16.8095,60.0327,-216.693,-636.824,-216.693,-636.824,1,0,2,22,0,0,0,0,0,
53347,3196,16.509,60.0327,-216.693,-636.824,-216.693,-636.824,1,0,2,22,0,0,0,0,0,
53548,3208,16.8189,60.0327,-216.693,-636.824,-216.693,-636.824,1,0,2,22,0,0,0,0,0,
53764,3221,16.4372,60.0327,-216.693,-636.824,-216.693,-636.824,1,0,2,22,0,0,0,0,0,
53980,3234,16.6027,60.0301,-216.693,-636.824,-216.693,-636.824,1,0,2,22,0,0,0,0,0,
54180,3246,16.5555,60.0301,-216.693,-636.824,-216.693,-636.824,1,0,2,22,0,0,0,0,0,
54397,3259,16.5703,60.0301,-216.693,-653.508,-216.693,-653.508,1,0,2,22,0,0,0,0,0,
54613,3272,16.6678,60.0301,-216.693,-660.161,-216.693,-660.161,1,0,2,22,0,0,0,0,0,
54830,3285,16.6446,60.0301,-216.693,-640.153,-216.693,-640.153,1,0,2,22,0,0,0,0,0,
55030,3297,16.7584,59.9986,-216.693,-640.153,-216.693,-640.153,1,0,2,22,0,0,0,0,0,
55246,3310,16.847,59.9986,-216.693,-640.153,-216.693,-640.153,1,0,2,22,0,0,0,0,0,
55463,3323,16.7881,59.9986,-216.693,-640.153,-216.693,-640.153,1,0,2,22,0,0,0,0,0,
55680,3336,16.8164,59.9986,-216.693,-640.153,-216.693,-640.153,1,0,2,22,0,0,0,0,0,
55880,3348,17.0793,60.0499,-216.693,-640.153,-216.693,-640.153,1,0,2,22,0,0,0,0,0,
56096,3361,16.5785,60.0499,-216.693,-640.153,-216.693,-640.153,1,0,2,22,0,0,0,0,0,
56313,3374,16.8431,60.0499,-216.693,-640.153,-216.693,-640.153,1,0,2,22,0,0,0,0,0,
56529,3387,16.4547,60.0499,-216.693,-640.153,-216.693,-640.153,1,0,2,22,0,0,0,0,0,
56729,3399,16.7317,60.0499,-216.693,-640.153,-216.693,-640.153,1,0,2,22,0,0,0,0,0,
56945,3412,16.8711,60.0803,-216.693,-640.153,-216.693,-640.153,1,0,2,22,0,0,0,0,0,
57145,3424,16.7042,60.0803,-216.693,-640.153,-216.693,-640.153,1,0,2,22,0,0,0,0,0,
57362,3437,16.6685,60.0803,-216.693,-640.153,-216.693,-640.153,1,0,2,22,0,0,0,0,0,
57562,3449,16.8859,60.0803,-216.693,-640.153,-216.693,-640.153,1,0,2,22,0,0,0,0,0,
57779,3462,16.8309,60.0803,-216.693,-640.153,-216.693,-640.153,1,0,2,22,0,0,0,0,0,
57979,3474,16.9063,59.9621,-216.693,-640.153,-216.693,-640.153,1,0,2,22,0,0,0,0,0,
58195,3487,16.4151,59.9621,-216.693,-640.153,-216.693,-640.153,1,0,2,22,0,0,0,0,0,
58412,3500,16.5658,59.9621,-216.693,-640.153,-216.693,-640.153,1,0,2,22,0,0,0,0,0,
58628,3513,16.5142,59.9621,-216.693,-640.153,-216.693,-640.153,1,0,2,22,0,0,0,0,0,
58828,3525,16.6961,59.9621,-216.693,-640.153,-216.693,-640.153,1,0,2,22,0,0,0,0,0,
59045,3538,16.8435,60.0475,-216.693,-640.153,-216.693,-640.153,1,0,2,22,0,0,0,0,0,
59261,3551,16.9642,60.0475,-216.693,-640.153,-216.693,-640.153,1,0,2,22,0,0,0,0,0,
59478,3564,16.3571,60.0475,-216.693,-640.153,-216.693,-640.153,1,0,2,22,0,0,0,0,0,
59694,3577,16.7796,60.0475,-216.693,-640.153,-216.693,-640.153,1,0,2,22,0,0,0,0,0,
59911,3590,16.7165,60.0207,-216.693,-640.153,-216.693,-640.153,1,0,2,22,0,0,0,0,0,
60128,3603,16.8532,60.0207,-216.693,-640.153,-216.693,-640.153,1,0,2,22,0,0,0,0,0,
60344,3616,16.4986,60.0207,-216.693,-640.153,-216.693,-640.153,1,0,2,22,0,0,0,0,0,
60560,3629,16.4978,60.0207,-216.693,-640.153,-216.693,-640.153,1,0,2,22,0,0,0,0,0,
60777,3642,16.9558,60.0207,-216.693,-640.153,-216.693,-640.153,1,0,2,22,0,0,0,0,0,
60994,3655,17.1434,60.0212,-216.693,-640.153,-216.693,-640.153,1,0,2,22,0,0,0,0,0,
61210,3668,16.7463,60.0212,-216.693,-640.153,-216.693,-640.153,1,0,2,22,0,0,0,0,0,
61410,3680,16.9472,60.0212,-240.027,-640.153,-240.027,-640.153,1,0,2,22,0,0,0,0,0,
61610,3692,16.9747,60.0212,-240.027,-640.153,-240.027,-640.153,1,0,2,22,0,0,0,0,0,
61827,3705,16.9217,60.0212,-240.027,-640.153,-240.027,-640.153,1,0,2,22,0,0,0,0,0,
62043,3718,17.2347,60.033,-240.027,-640.153,-240.027,-640.153,1,0,2,22,0,0,0,0,0,
62243,3730,16.8188,60.033,-240.027,-640.153,-240.027,-640.153,1,0,2,22,0,0,0,0,0,
62460,3743,16.5022,60.033,-240.027,-640.153,-240.027,-640.153,1,0,2,22,0,0,0,0,0,
62660,3755,16.3414,60.033,-240.027,-640.153,-240.027,-640.153,1,0,2,22,0,0,0,0,0,
62860,3767,16.721,60.033,-240.027,-640.153,-240.027,-640.153,1,0,2,22,0,0,0,0,0,
63076,3780,16.6237,60.0293,-240.027,-640.153,-240.027,-640.153,1,0,2,22,0,0,0,0,0,
63276,3792,16.4785,60.0293,-240.027,-640.153,-240.027,-640.153,1,0,2,22,0,0,0,0,0,
63492,3805,16.7941,60.0293,-240.027,-640.153,-240.027,-640.153,1,0,2,22,0,0,0,0,0,
63693,3817,16.4138,60.0293,-240.027,-640.153,-240.027,-640.153,1,0,2,22,0,0,0,0,0,
63909,3830,16.4815,60.0293,-240.027,-640.153,-240.027,-640.153,1,0,2,22,0,0,0,0,0,
64125,3843,16.509,60.0309,-240.027,-640.153,-240.027,-640.153,1,0,2,22,0,0,0,0,0,
64342,3856,16.6989,60.0309,-240.027,-640.153,-240.027,-640.153,1,0,2,22,0,0,0,0,0,
64542,3868,16.767,60.0309,-240.027,-640.153,-240.027,-640.153,1,0,2,22,0,0,0,0,0,
64758,3881,16.661,60.0309,-240.027,-640.153,-240.027,-640.153,1,0,2,22,0,0,0,0,0,
64959,3893,16.844,60.0309,-240.027,-640.153,-240.027,-640.153,1,0,2,22,0,0,0,0,0,
65175,3906,16.6703,60.0305,-240.027,-640.153,-240.027,-640.153,1,0,2,22,0,0,0,0,0,
65375,3918,16.4685,60.0305,-240.027,-640.153,-240.027,-640.153,1,0,2,22,0,0,0,0,0,
65592,3931,16.8729,60.0305,-240.027,-640.153,-240.027,-640.153,1,0,2,22,0,0,0,0,0,
65808,3944,16.3781,60.0305,-240.027,-640.153,-240.027,-640.153,1,0,2,22,0,0,0,0,0,
66008,3956,16.7574,60.0249,-240.027,-640.153,-240.027,-640.153,1,0,2,22,0,0,0,0,0,
66225,3969,16.8493,60.0249,-240.027,-640.153,-240.027,-640.153,1,0,2,22,0,0,0,0,0,
66441,3982,16.759,60.0249,-240.027,-640.153,-240.027,-640.153,1,0,2,22,0,0,0,0,0,
66658,3995,16.486,60.0249,-240.027,-640.153,-240.027,-640.153,1,0,2,22,0,0,0,0,0,
66874,4008,16.7428,60.0249,-240.027,-640.153,-240.027,-640.153,1,0,2,22,0,0,0,0,0,
67090,4021,16.1794,60.0289,-240.027,-640.153,-240.027,-640.153,1,0,2,22,0,0,0,0,0,
67291,4033,16.7849,60.0289,-240.027,-640.153,-240.027,-640.153,1,0,2,22,0,0,0,0,0,
67491,4045,16.9297,60.0289,-240.027,-640.153,-240.027,-640.153,1,0,2,22,0,0,0,0,0,
67707,4058,16.4307,60.0289,-240.027,-640.153,-240.027,-640.153,1,0,2,22,0,0,0,0,0,
67924,4071,16.7673,60.0289,-240.027,-640.153,-240.027,-640.153,1,0,2,22,0,0,0,0,0,
68140,4084,17.2417,60.0333,-240.027,-640.153,-240.027,-640.153,1,0,2,22,0,0,0,0,0,
68340,4096,16.1986,60.0333,-240.027,-640.153,-240.027,-640.153,1,0,2,22,0,0,0,0,0,
68557,4109,16.7579,60.0333,-240.027,-640.153,-240.027,-640.153,1,0,2,22,0,0,0,0,0,
68773,4122,16.6461,60.0333,-240.027,-623.528,-240.027,-623.528,1,0,2,22,0,0,0,0,0,
68990,4135,16.7023,60.0333,-240.027,-623.528,-240.027,-623.528,1,0,2,22,0,0,0,0,0,
69207,4148,16.9361,60.0355,-240.027,-623.528,-240.027,-623.528,1,0,2,22,0,0,0,0,0,
69422,4161,16.1793,60.0355,-240.027,-623.528,-240.027,-623.528,1,0,2,22,0,0,0,0,0,
69623,4173,16.753,60.0355,-240.027,-610.168,-240.027,-610.168,1,0,2,22,0,0,0,0,0,
69839,4186,16.5352,60.0355,-240.027,-610.168,-240.027,-610.168,1,0,2,22,0,0,0,0,0,
70056,4199,16.7465,60.0355,-240.027,-610.168,-240.027,-610.168,1,0,2,22,0,0,0,0,0,
70273,4212,16.6074,60.0133,-240.027,-630.232,-240.027,-630.232,1,0,2,22,0,0,0,0,0,
70489,4225,16.7929,60.0133,-240.027,-630.232,-240.027,-630.232,1,0,2,22,0,0,0,0,0,
70706,4238,16.6192,60.0133,-240.027,-630.232,-240.027,-630.232,1,0,2,22,0,0,0,0,0,
70922,4251,16.8602,60.0133,-240.027,-630.232,-240.027,-630.232,1,0,2,22,0,0,0,0,0,
71130,4263,24.459,60.0384,-240.027,-630.232,-240.027,-630.232,1,0,2,22,0,0,0,0,0,
71339,4276,16.7385,60.0384,-240.027,-630.232,-240.027,-630.232,1,0,2,22,0,0,0,0,0,
71555,4289,16.4458,60.0384,-240.027,-630.232,-240.027,-630.232,1,0,2,22,0,0,0,0,0,
71755,4301,16.6872,60.0384,-240.027,-630.232,-240.027,-630.232,1,0,2,22,0,0,0,0,0,
71972,4314,16.5548,60.0384,-240.027,-630.232,-240.027,-630.232,1,0,2,22,0,0,0,0,0,
72188,4327,16.6985,60.0128,-240.027,-630.232,-240.027,-630.232,1,0,2,22,0,0,0,0,0,
72388,4339,16.5008,60.0128,-240.027,-630.232,-240.027,-630.232,1,0,2,22,0,0,0,0,0,
72588,4351,16.8718,60.0128,-240.027,-630.232,-240.027,-630.232,1,0,2,22,0,0,0,0,0,
72805,4364,16.6792,60.0128,-240.027,-630.232,-240.027,-630.232,1,0,2,22,0,0,0,0,0,
73021,4377,16.6599,60.0128,-240.027,-630.232,-240.027,-630.232,1,0,2,22,0,0,0,0,0,
73238,4390,17.2124,60.0521,-240.027,-630.232,-240.027,-630.232,1,0,2,22,0,0,0,0,0,
73454,4403,16.5622,60.0521,-240.027,-630.232,-240.027,-630.232,1,0,2,22,0,0,0,0,0,
73654,4415,16.6879,60.0521,-240.027,-630.232,-240.027,-630.232,1,0,2,22,0,0,0,0,0,
73871,4428,16.971,60.0521,-240.027,-630.232,-240.027,-630.232,1,0,2,22,0,0,0,0,0,
74087,4441,16.6153,60.0521,-240.027,-630.232,-240.027,-630.232,1,0,2,22,0,0,0,0,0,
74287,4453,16.7598,59.9933,-240.027,-630.232,-240.027,-630.232,1,0,2,22,0,0,0,0,0,
74488,4465,16.9211,59.9933,-240.027,-630.232,-240.027,-630.232,1,0,2,22,0,0,0,0,0,
74704,4478,16.4844,59.9933,-240.027,-630.232,-240.027,-630.232,1,0,2,22,0,0,0,0,0,
74904,4490,16.6566,59.9933,-240.027,-630.232,-240.027,-630.232,1,0,2,22,0,0,0,0,0,
75121,4503,16.6094,59.9933,-240.027,-630.232,-240.027,-630.232,1,0,2,22,0,0,0,0,0,
75337,4516,16.692,60.0624,-240.027,-630.232,-240.027,-630.232,1,0,2,22,0,0,0,0,0,
75553,4529,16.4172,60.0624,-240.027,-630.232,-240.027,-630.232,1,0,2,22,0,0,0,0,0,
75753,4541,16.5472,60.0624,-240.027,-630.232,-240.027,-630.232,1,0,2,22,0,0,0,0,0,
75970,4554,16.7528,60.0624,-240.027,-630.232,-240.027,-630.232,1,0,2,22,0,0,0,0,0,
76170,4566,16.8314,60.0249,-240.027,-630.232,-240.027,-630.232,1,0,2,22,0,0,0,0,0,
76386,4579,16.8449,60.0249,-240.027,-630.232,-240.027,-630.232,1,0,2,22,0,0,0,0,0,
76586,4591,16.9169,60.0249,-240.027,-630.232,-240.027,-630.232,1,0,2,22,0,0,0,0,0,
76803,4604,16.7045,60.0249,-240.027,-630.232,-240.027,-630.232,1,0,2,22,0,0,0,0,0,
77019,4617,16.6348,60.0249,-240.027,-630.232,-240.027,-630.232,1,0,2,22,0,0,0,0,0,
77228,4629,25.1573,60.0339,-240.027,-630.232,-240.027,-630.232,1,0,2,22,0,0,0,0,0,
77436,4642,16.6082,60.0339,-240.027,-630.232,-240.027,-630.232,1,0,2,22,0,0,0,0,0,
77652,4655,16.6715,60.0339,-240.027,-630.232,-240.027,-630.232,1,0,2,22,0,0,0,0,0,
77852,4667,16.784,60.0339,-240.027,-630.232,-240.027,-630.232,1,0,2,22,0,0,0,0,0,
78069,4680,16.5805,60.0339,-240.027,-630.232,-240.027,-630.232,1,0,2,22,0,0,0,0,0,
78285,4693,16.8773,60.0089,-240.027,-630.232,-240.027,-630.232,1,0,2,22,0,0,0,0,0,
78485,4705,16.7034,60.0089,-240.027,-630.232,-240.027,-630.232,1,0,2,22,0,0,0,0,0,
78702,4718,16.7886,60.0089,-240.027,-630.232,-240.027,-630.232,1,0,2,22,0,0,0,0,0,
78919,4731,16.9783,60.0089,-240.027,-630.232,-240.027,-630.232,1,0,2,22,0,0,0,0,0,
79135,4744,16.8916,60.0089,-240.027,-630.232,-240.027,-630.232,1,0,2,22,0,0,0,0,0,
79351,4757,16.5074,60.0356,-240.027,-630.232,-240.027,-630.232,1,0,2,22,0,0,0,0,0,
79568,4770,16.6829,60.0356,-240.027,-630.232,-240.027,-630.232,1,0,2,22,0,0,0,0,0,
79785,4783,16.7531,60.0356,-240.027,-630.232,-240.027,-630.232,1,0,2,22,0,0,0,0,0,
80001,4796,16.6538,60.0356,-240.027,-630.232,-240.027,-630.232,1,0,2,22,0,0,0,0,0,
80217,4809,16.8001,60.0356,-240.027,-630.232,-240.027,-630.232,1,0,2,22,0,0,0,0,0,
80418,4821,16.6158,60.063,-240.027,-630.232,-240.027,-630.232,1,0,2,22,0,0,0,0,0,
80634,4834,16.6984,60.063,-240.027,-630.232,-240.027,-630.232,1,0,2,22,0,0,0,0,0,
80851,4847,16.8034,60.063,-240.027,-630.232,-240.027,-630.232,1,0,2,22,0,0,0,0,0,
81051,4859,17.1255,60.063,-240.027,-630.232,-240.027,-630.232,1,0,2,22,0,0,0,0,0,
81277,4872,26.1331,59.997,-240.027,-630.232,-240.027,-630.232,1,0,2,22,0,0,0,0,0,
81484,4885,16.523,59.997,-240.027,-630.232,-240.027,-630.232,1,0,2,22,0,0,0,0,0,
81701,4898,16.8092,59.997,-240.027,-630.232,-240.027,-630.232,1,0,2,22,0,0,0,0,0,
81917,4911,16.415,59.997,-240.027,-630.232,-240.027,-630.232,1,0,2,22,0,0,0,0,0,
82134,4924,16.6648,59.997,-240.027,-630.232,-240.027,-630.232,1,0,2,22,0,0,0,0,0,
82350,4937,16.6248,60.0028,-240.027,-630.232,-240.027,-630.232,1,0,2,22,0,0,0,0,0,
82550,4949,16.7849,60.0028,-240.027,-630.232,-240.027,-630.232,1,0,2,22,0,0,0,0,0,
82767,4962,16.781,60.0028,-240.027,-630.232,-240.027,-630.232,1,0,2,22,0,0,0,0,0,
82967,4974,16.8963,60.0028,-240.027,-630.232,-240.027,-630.232,1,0,2,22,0,0,0,0,0,
83183,4987,16.7805,60.0028,-240.027,-630.232,-240.027,-630.232,1,0,2,22,0,0,0,0,0,
83400,5000,16.6468,60.0491,-240.027,-630.232,-240.027,-630.232,1,0,2,22,0,0,0,0,0,
83600,5012,16.7863,60.0491,-240.027,-630.232,-240.027,-630.232,1,0,2,22,0,0,0,0,0,
83816,5025,16.6734,60.0491,-240.027,-630.232,-240.027,-630.232,1,0,2,22,0,0,0,0,0,
84016,5037,16.5613,60.0491,-240.027,-630.232,-240.027,-630.232,1,0,2,22,0,0,0,0,0,
84233,5050,16.7359,60.0491,-240.027,-630.232,-240.027,-630.232,1,0,2,22,0,0,0,0,0,
84450,5063,17.7213,60.0196,-240.027,-630.232,-240.027,-630.232,1,0,2,22,0,0,0,0,0,
84666,5076,16.6578,60.0196,-240.027,-630.232,-240.027,-630.232,1,0,2,22,0,0,0,0,0,
84882,5089,16.7302,60.0196,-240.027,-630.232,-240.027,-630.232,1,0,2,22,0,0,0,0,0,
85099,5102,16.7091,60.0196,-240.027,-630.232,-240.027,-630.232,1,0,2,22,0,0,0,0,0,
85315,5115,16.7514,60.0479,-240.027,-630.232,-240.027,-630.232,1,0,2,22,0,0,0,0,0,
85515,5127,16.6939,60.0479,-240.027,-630.232,-240.027,-630.232,1,0,2,22,0,0,0,0,0,
85732,5140,16.4505,60.0479,-240.027,-630.232,-240.027,-630.232,1,0,2,22,0,0,0,0,0,
85948,5153,16.7954,60.0479,-240.027,-630.232,-240.027,-630.232,1,0,2,22,0,0,0,0,0,
86149,5165,16.5799,60.0479,-240.027,-630.232,-240.027,-630.232,1,0,2,22,0,0,0,0,0,
86357,5177,24.9197,60.0232,-240.027,-630.232,-240.027,-630.232,1,0,2,22,0,0,0,0,0,
86565,5190,16.8354,60.0232,-240.027,-630.232,-240.027,-630.232,1,0,2,22,0,0,0,0,0,
86781,5203,16.4123,60.0232,-240.027,-630.232,-240.027,-630.232,1,0,2,22,0,0,0,0,0,
86998,5216,16.7185,60.0232,-240.027,-630.232,-240.027,-630.232,1,0,2,22,0,0,0,0,0,
87215,5229,16.8108,60.0232,-240.027,-630.232,-240.027,-630.232,1,0,2,22,0,0,0,0,0,
87478,5241,80.7285,60.0231,-240.027,-630.232,-240.027,-630.232,1,0,2,22,0,0,0,0,0,
87680,5257,16.4139,60.0231,-240.027,-630.232,-240.027,-630.232,1,0,2,22,0,0,0,0,0,
87881,5269,16.6168,60.0231,-240.027,-630.232,-240.027,-630.232,1,0,2,22,0,0,0,0,0,
88098,5282,16.8089,60.0231,-240.027,-630.232,-240.027,-630.232,1,0,2,22,0,0,0,0,0,
88314,5295,16.5675,60.0231,-240.027,-630.232,-240.027,-630.232,1,0,2,22,0,0,0,0,0,
88531,5308,16.681,60.0173,-240.027,-630.232,-240.027,-630.232,1,0,2,22,0,0,0,0,0,
88731,5320,16.8051,60.0173,-240.027,-630.232,-240.027,-630.232,1,0,2,22,0,0,0,0,0,
88947,5333,16.7483,60.0173,-240.027,-630.232,-240.027,-630.232,1,0,2,22,0,0,0,0,0,
89164,5346,16.7365,60.0173,-240.027,-630.232,-240.027,-630.232,1,0,2,22,0,0,0,0,0,
89380,5359,17.234,60.0929,-240.027,-630.232,-240.027,-630.232,1,0,2,22,0,0,0,0,0,
89580,5371,16.7007,60.0929,-240.027,-630.232,-240.027,-630.232,1,0,2,22,0,0,0,0,0,
89797,5384,16.6048,60.0929,-240.027,-630.232,-240.027,-630.232,1,0,2,22,0,0,0,0,0,
90013,5397,16.6688,60.0929,-240.027,-630.232,-240.027,-630.232,1,0,2,22,0,0,0,0,0,
90230,5410,16.6866,60.0929,-240.027,-630.232,-240.027,-630.232,1,0,2,22,0,0,0,0,0,
90446,5423,16.8708,59.9869,-240.027,-630.232,-240.027,-630.232,1,0,2,22,0,0,0,0,0,
90646,5435,16.5591,59.9869,-240.027,-630.232,-240.027,-630.232,1,0,2,22,0,0,0,0,0,
90863,5448,16.6795,59.9869,-240.027,-630.232,-240.027,-630.232,1,0,2,22,0,0,0,0,0,
91063,5460,16.2711,59.9869,-240.027,-630.232,-240.027,-630.232,1,0,2,22,0,0,0,0,0,
91279,5473,16.5297,59.9869,-240.027,-630.232,-240.027,-630.232,1,0,2,22,0,0,0,0,0,
91479,5485,16.6351,60.0212,-240.027,-630.232,-240.027,-630.232,1,0,2,22,0,0,0,0,0,
91695,5498,16.6368,60.0212,-240.027,-630.232,-240.027,-630.232,1,0,2,22,0,0,0,0,0,
91896,5510,17.0285,60.0212,-240.027,-630.232,-240.027,-630.232,1,0,2,22,0,0,0,0,0,
92112,5523,16.6745,60.0212,-240.027,-630.232,-240.027,-630.232,1,0,2,22,0,0,0,0,0,
92312,5535,16.5726,60.0212,-240.027,-630.232,-240.027,-630.232,1,0,2,22,0,0,0,0,0,
92528,5548,16.4871,60.0381,-240.027,-630.232,-240.027,-630.232,1,0,2,22,0,0,0,0,0,
92729,5560,17.1544,60.0381,-240.027,-630.232,-240.027,-630.232,1,0,2,22,0,0,0,0,0,
92946,5573,16.7949,60.0381,-240.027,-630.232,-240.027,-630.232,1,0,2,22,0,0,0,0,0,
93162,5586,16.3819,60.0381,-240.027,-630.232,-240.027,-630.232,1,0,2,22,0,0,0,0,0,
93379,5599,17.0844,60.0381,-240.027,-630.232,-240.027,-630.232,1,0,2,22,0,0,0,0,0,
93595,5612,16.6007,60.0151,-240.027,-630.232,-240.027,-630.232,1,0,2,22,0,0,0,0,0,
93795,5624,16.706,60.0151,-240.027,-630.232,-240.027,-630.232,1,0,2,22,0,0,0,0,0,
93995,5636,16.9422,60.0151,-240.027,-630.232,-240.027,-630.232,1,0,2,22,0,0,0,0,0,
94212,5649,16.5938,60.0151,-240.027,-630.232,-240.027,-630.232,1,0,2,22,0,0,0,0,0,
94428,5662,16.9377,60.0197,-240.027,-630.232,-240.027,-630.232,1,0,2,22,0,0,0,0,0,
94644,5675,16.6379,60.0197,-240.027,-630.232,-240.027,-630.232,1,0,2,22,0,0,0,0,0,
94861,5688,16.5181,60.0197,-240.027,-630.232,-240.027,-630.232,1,0,2,22,0,0,0,0,0,
95077,5701,16.7107,60.0197,-240.027,-630.232,-240.027,-630.232,1,0,2,22,0,0,0,0,0,
95277,5713,16.7194,60.0197,-240.027,-630.232,-240.027,-630.232,1,0,2,22,0,0,0,0,0,
95487,5725,26.4453,60.0421,-240.027,-630.232,-240.027,-630.232,1,0,2,22,0,0,0,0,0,
95694,5738,16.7568,60.0421,-240.027,-630.232,-240.027,-630.232,1,0,2,22,0,0,0,0,0,
95911,5751,16.8652,60.0421,-240.027,-630.232,-240.027,-630.232,1,0,2,22,0,0,0,0,0,
96111,5763,17.0754,60.0421,-240.027,-630.232,-240.027,-630.232,1,0,2,22,0,0,0,0,0,
96327,5776,16.7833,60.0421,-240.027,-630.232,-240.027,-630.232,1,0,2,22,0,0,0,0,0,
96543,5789,16.8783,60.0157,-240.027,-630.232,-240.027,-630.232,1,0,2,22,0,0,0,0,0,
96744,5801,17.0558,60.0157,-240.027,-630.232,-240.027,-630.232,1,0,2,22,0,0,0,0,0,
96960,5814,16.387,60.0157,-240.027,-630.232,-240.027,-630.232,1,0,2,22,0,0,0,0,0,
97177,5827,16.8069,60.0157,-240.027,-630.232,-240.027,-630.232,1,0,2,22,0,0,0,0,0,
97393,5840,16.6905,60.0157,-240.027,-630.232,-240.027,-630.232,1,0,2,22,0,0,0,0,0,
97609,5853,16.8882,60.0395,-240.027,-630.232,-240.027,-630.232,1,0,2,22,0,0,0,0,0,
97810,5865,16.7892,60.0395,-240.027,-630.232,-240.027,-630.232,1,0,2,22,0,0,0,0,0,
98026,5878,16.8908,60.0395,-240.027,-630.232,-240.027,-630.232,1,0,2,22,0,0,0,0,0,
98243,5891,16.7074,60.0395,-240.027,-630.232,-240.027,-630.232,1,0,2,22,0,0,0,0,0,
98460,5904,16.8343,60.0395,-240.027,-630.232,-240.027,-630.232,1,0,2,22,0,0,0,0,0,
98676,5917,16.7601,60.0289,-240.027,-630.232,-240.027,-630.232,1,0,2,22,0,0,0,0,0,
98893,5930,16.6857,60.0289,-240.027,-630.232,-240.027,-630.232,1,0,2,22,0,0,0,0,0,
99109,5943,16.589,60.0289,-240.027,-630.232,-240.027,-630.232,1,0,2,22,0,0,0,0,0,
99326,5956,17.0799,60.0289,-240.027,-630.232,-240.027,-630.232,1,0,2,22,0,0,0,0,0,
99552,5969,26.1712,60.0275,-240.027,-630.232,-240.027,-630.232,1,0,2,22,0,0,0,0,0,
99759,5982,16.9468,60.0275,-240.027,-630.232,-240.027,-630.232,1,0,2,22,0,0,0,0,0,
99975,5995,16.6791,60.0275,-240.027,-630.232,-240.027,-630.232,1,0,2,22,0,0,0,0,0,
100175,6007,16.737,60.0275,-240.027,-630.232,-240.027,-630.232,1,0,2,22,0,0,0,0,0,
100392,6020,16.4168,60.0275,-240.027,-630.232,-240.027,-630.232,1,0,2,22,0,0,0,0,0,
100608,6033,17.2775,60.0848,-240.027,-630.232,-240.027,-630.232,1,0,2,22,0,0,0,0,0,
100825,6046,16.5633,60.0848,-240.027,-630.232,-240.027,-630.232,1,0,2,22,0,0,0,0,0,
101025,6058,16.8574,60.0848,-240.027,-630.232,-240.027,-630.232,1,0,2,22,0,0,0,0,0,
101241,6071,16.7966,60.0848,-240.027,-630.232,-240.027,-630.232,1,0,2,22,0,0,0,0,0,
101458,6084,16.557,60.0848,-240.027,-630.232,-240.027,-630.232,1,0,2,22,0,0,0,0,0,
101658,6096,16.4192,59.9698,-240.027,-630.232,-240.027,-630.232,1,0,2,22,0,0,0,0,0,
101874,6109,16.7039,59.9698,-240.027,-630.232,-240.027,-630.232,1,0,2,22,0,0,0,0,0,
102074,6121,16.8426,59.9698,-240.027,-630.232,-240.027,-630.232,1,0,2,22,0,0,0,0,0,
102291,6134,16.9392,59.9698,-240.027,-630.232,-240.027,-630.232,1,0,2,22,0,0,0,0,0,
102507,6147,16.5757,59.9698,-240.027,-630.232,-240.027,-630.232,1,0,2,22,0,0,0,0,0,
102707,6159,16.9031,60.0302,-240.027,-630.232,-240.027,-630.232,1,0,2,22,0,0,0,0,0,
102924,6172,16.7291,60.0302,-240.027,-630.232,-240.027,-630.232,1,0,2,22,0,0,0,0,0,
103124,6184,16.8875,60.0302,-240.027,-630.232,-240.027,-630.232,1,0,2,22,0,0,0,0,0,
103340,6197,16.4995,60.0302,-240.027,-630.232,-240.027,-630.232,1,0,2,22,0,0,0,0,0,
103557,6210,16.8514,60.0282,-240.027,-630.232,-240.027,-630.232,1,0,2,22,0,0,0,0,0,
103773,6223,16.4596,60.0282,-240.027,-630.232,-240.027,-630.232,1,0,2,22,0,0,0,0,0,
103990,6236,16.7909,60.0282,-240.027,-630.232,-240.027,-630.232,1,0,2,22,0,0,0,0,0,
104206,6249,16.5079,60.0282,-240.027,-630.232,-240.027,-630.232,1,0,2,22,0,0,0,0,0,
104407,6261,16.5612,60.0282,-240.027,-630.232,-240.027,-630.232,1,0,2,22,0,0,0,0,0,
104616,6273,26.5925,60.0155,-240.027,-630.232,-240.027,-630.232,1,0,2,22,0,0,0,0,0,
104823,6286,16.25,60.0155,-240.027,-630.232,-240.027,-630.232,1,0,2,22,0,0,0,0,0,
105023,6298,16.9638,60.0155,-240.027,-630.232,-240.027,-630.232,1,0,2,22,0,0,0,0,0,
105240,6311,17.0771,60.0155,-240.027,-630.232,-240.027,-630.232,1,0,2,22,0,0,0,0,0,
105456,6324,16.7568,60.0155,-240.027,-630.232,-240.027,-630.232,1,0,2,22,0,0,0,0,0,
105672,6337,17.0497,60.0511,-240.027,-630.232,-240.027,-630.232,1,0,2,22,0,0,0,0,0,
105872,6349,16.5,60.0511,-240.027,-630.232,-240.027,-630.232,1,0,2,22,0,0,0,0,0,
106089,6362,17.3118,60.0511,-240.027,-630.232,-240.027,-630.232,1,0,2,22,0,0,0,0,0,
106305,6375,16.5702,60.0511,-240.027,-630.232,-240.027,-630.232,1,0,2,22,0,0,0,0,0,
106506,6387,16.6482,60.0511,-240.027,-630.232,-240.027,-630.232,1,0,2,22,0,0,0,0,0,
106722,6400,17.2529,60.0198,-240.027,-630.232,-240.027,-630.232,1,0,2,22,0,0,0,0,0,
106939,6413,17.0731,60.0198,-240.027,-630.232,-240.027,-630.232,1,0,2,22,0,0,0,0,0,
107156,6426,17.096,60.0198,-240.027,-630.232,-240.027,-630.232,1,0,2,22,0,0,0,0,0,
107372,6439,16.6735,60.0198,-240.027,-630.232,-240.027,-630.232,1,0,2,22,0,0,0,0,0,
107588,6452,16.6588,60.0198,-240.027,-630.232,-240.027,-630.232,1,0,2,22,0,0,0,0,0,
107805,6465,16.6425,60.0163,-240.027,-630.232,-240.027,-630.232,1,0,2,22,0,0,0,0,0,
108021,6478,16.6228,60.0163,-240.027,-630.232,-240.027,-630.232,1,0,2,22,0,0,0,0,0,
108222,6490,16.7272,60.0163,-240.027,-630.232,-240.027,-630.232,1,0,2,22,0,0,0,0,0,
108422,6502,17.4744,60.0163,-240.027,-630.232,-240.027,-630.232,1,0,2,22,0,0,0,0,0,
108638,6515,16.7184,60.0365,-240.027,-630.232,-240.027,-630.232,1,0,2,22,0,0,0,0,0,
108838,6527,16.9586,60.0365,-240.027,-630.232,-240.027,-630.232,1,0,2,22,0,0,0,0,0,
109054,6540,16.5351,60.0365,-240.027,-630.232,-240.027,-630.232,1,0,2,22,0,0,0,0,0,
109254,6552,16.6018,60.0365,-240.027,-630.232,-240.027,-630.232,1,0,2,22,0,0,0,0,0,
109457,6563,36.0619,60.0365,-240.027,-630.232,-240.027,-630.232,1,0,2,22,0,0,0,0,0,
109681,6577,27.065,60.0471,-240.027,-630.232,-240.027,-630.232,1,0,2,22,0,0,0,0,0,
109887,6590,16.7066,60.0471,-240.027,-630.232,-240.027,-630.232,1,0,2,22,0,0,0,0,0,
110087,6602,16.8557,60.0471,-240.027,-630.232,-240.027,-630.232,1,0,2,22,0,0,0,0,0,
